INSERT INTO pais	(datacriacao,dataedicao,datainativo,version,codigo,nome,sigla,autor_id,editor_id,inativador_id)VALUES(LOCALTIMESTAMP,LOCALTIMESTAMP,NULL,0,'55','Brasil','BR',NULL,NULL,NULL);
INSERT INTO regiao	(datacriacao,dataedicao,datainativo,version,codigo,nome,autor_id,editor_id,inativador_id,pais_id)VALUES(LOCALTIMESTAMP,LOCALTIMESTAMP,NULL,0,'01','Centro-Oeste',NULL,NULL,NULL,1);
INSERT INTO regiao	(datacriacao,dataedicao,datainativo,version,codigo,nome,autor_id,editor_id,inativador_id,pais_id)VALUES(LOCALTIMESTAMP,LOCALTIMESTAMP,NULL,0,'02','Sul',NULL,NULL,NULL,1);
INSERT INTO estado	(datacriacao,dataedicao,datainativo,version,codigo,nome,sigla,autor_id,editor_id,inativador_id,regiao_id)VALUES(LOCALTIMESTAMP,LOCALTIMESTAMP,NULL,0,'0','Goiás','GO',NULL,NULL,NULL,1);
INSERT INTO estado	(datacriacao,dataedicao,datainativo,version,codigo,nome,sigla,autor_id,editor_id,inativador_id,regiao_id)VALUES(LOCALTIMESTAMP,LOCALTIMESTAMP,NULL,0,'1','Rio Grande do Sul','RS',NULL,NULL,NULL,2);
INSERT INTO cidade	(datacriacao,dataedicao,datainativo,version,codigo,codigoibge,nome,autor_id,editor_id,inativador_id,estado_id)VALUES(LOCALTIMESTAMP,LOCALTIMESTAMP,NULL,0,'0','12','Goiania',NULL,NULL,NULL,1);
INSERT INTO cidade	(datacriacao,dataedicao,datainativo,version,codigo,codigoibge,nome,autor_id,editor_id,inativador_id,estado_id)VALUES(LOCALTIMESTAMP,LOCALTIMESTAMP,NULL,0,'1','13','Inhumas',NULL,NULL,NULL,1);
INSERT INTO cidade	(datacriacao,dataedicao,datainativo,version,codigo,codigoibge,nome,autor_id,editor_id,inativador_id,estado_id)VALUES(LOCALTIMESTAMP,LOCALTIMESTAMP,NULL,0,'0','12','Rio Grande',NULL,NULL,NULL,2);
INSERT INTO bairro	(datacriacao,dataedicao,datainativo,version,codigo,nome,autor_id,editor_id,inativador_id,cidade_id)VALUES(LOCALTIMESTAMP,LOCALTIMESTAMP,NULL,0,'0','Bairro 1',NULL,NULL,NULL,1);
INSERT INTO bairro	(datacriacao,dataedicao,datainativo,version,codigo,nome,autor_id,editor_id,inativador_id,cidade_id)VALUES(LOCALTIMESTAMP,LOCALTIMESTAMP,NULL,0,'1','Bairro 2',NULL,NULL,NULL,2);

-------

INSERT INTO dominio (id,datacriacao,dataedicao,version,chave,codigo,descricao,nome)VALUES(1		,LOCALTIMESTAMP,LOCALTIMESTAMP,0,'tipoFile'							,NULL	,'css'																			,'CSS'																							);
INSERT INTO dominio (id,datacriacao,dataedicao,version,chave,codigo,descricao,nome)VALUES(2		,LOCALTIMESTAMP,LOCALTIMESTAMP,0,'tipoFile'	 						,NULL	,'js'																			,'JS'																							);
INSERT INTO dominio (id,datacriacao,dataedicao,version,chave,codigo,descricao,nome)VALUES(3		,LOCALTIMESTAMP,LOCALTIMESTAMP,0,'tipoClassificacaoMaterial'		,1		,'Grupo'																		,'GRUPO'																						);
INSERT INTO dominio (id,datacriacao,dataedicao,version,chave,codigo,descricao,nome)VALUES(4		,LOCALTIMESTAMP,LOCALTIMESTAMP,0,'tipoClassificacaoMaterial'		,2		,'Sub Grupo'																	,'SUB_GRUPO'																					);
INSERT INTO dominio (id,datacriacao,dataedicao,version,chave,codigo,descricao,nome)VALUES(5		,LOCALTIMESTAMP,LOCALTIMESTAMP,0,'tipoMaterial'						,1		,'Consumo'																		,'CONSUMO'																						);
INSERT INTO dominio (id,datacriacao,dataedicao,version,chave,codigo,descricao,nome)VALUES(6		,LOCALTIMESTAMP,LOCALTIMESTAMP,0,'tipoMaterial'						,2		,'Permanente'																	,'PERMANENTE'																					);
INSERT INTO dominio (id,datacriacao,dataedicao,version,chave,codigo,descricao,nome)VALUES(7		,LOCALTIMESTAMP,LOCALTIMESTAMP,0,'tipoEndereco'						,NULL	,'Descrição Residencial'														,'RESIDENCIAL'																					);
INSERT INTO dominio (id,datacriacao,dataedicao,version,chave,codigo,descricao,nome)VALUES(8		,LOCALTIMESTAMP,LOCALTIMESTAMP,0,'tipoEndereco'						,NULL	,'Descrição Comercial'															,'COMERCIAL'																					);
INSERT INTO dominio (id,datacriacao,dataedicao,version,chave,codigo,descricao,nome)VALUES(9		,LOCALTIMESTAMP,LOCALTIMESTAMP,0,'tipoRestricao'					,NULL	,'nenhum'																		,'NENHUM'																						);
INSERT INTO dominio (id,datacriacao,dataedicao,version,chave,codigo,descricao,nome)VALUES(10	,LOCALTIMESTAMP,LOCALTIMESTAMP,0,'tipoRestricao'					,NULL	,'por material'																	,'POR_MATERIAL'																					);
INSERT INTO dominio (id,datacriacao,dataedicao,version,chave,codigo,descricao,nome)VALUES(11	,LOCALTIMESTAMP,LOCALTIMESTAMP,0,'tipoRestricao'					,NULL	,'geral'																		,'GERAL'																						);
INSERT INTO dominio (id,datacriacao,dataedicao,version,chave,codigo,descricao,nome)VALUES(12	,LOCALTIMESTAMP,LOCALTIMESTAMP,0,'tipoDado'							,1		,'Caractere'																	,'CARACTERE'																					);
INSERT INTO dominio (id,datacriacao,dataedicao,version,chave,codigo,descricao,nome)VALUES(13	,LOCALTIMESTAMP,LOCALTIMESTAMP,0,'tipoDado'							,2		,'Texto'																		,'TEXT_AREA'																					);
INSERT INTO dominio (id,datacriacao,dataedicao,version,chave,codigo,descricao,nome)VALUES(14	,LOCALTIMESTAMP,LOCALTIMESTAMP,0,'tipoDado'							,3		,'Numérico'																		,'NUMBER'																						);
INSERT INTO dominio (id,datacriacao,dataedicao,version,chave,codigo,descricao,nome)VALUES(15	,LOCALTIMESTAMP,LOCALTIMESTAMP,0,'tipoDado'							,4		,'Valor'																		,'DECIMAL'																						);
INSERT INTO dominio (id,datacriacao,dataedicao,version,chave,codigo,descricao,nome)VALUES(16	,LOCALTIMESTAMP,LOCALTIMESTAMP,0,'tipoParceiro'						,4		,'Fornecedor'																	,'FORNECEDOR'																					);
INSERT INTO dominio (id,datacriacao,dataedicao,version,chave,codigo,descricao,nome)VALUES(17	,LOCALTIMESTAMP,LOCALTIMESTAMP,0,'tipoParceiro'						,2		,'Orgão Externo'																,'ORGAO_EXTERNO'																				);
INSERT INTO dominio (id,datacriacao,dataedicao,version,chave,codigo,descricao,nome)VALUES(18	,LOCALTIMESTAMP,LOCALTIMESTAMP,0,'tipoParceiro'						,3		,'Portador'																		,'PORTADOR'																						);
INSERT INTO dominio (id,datacriacao,dataedicao,version,chave,codigo,descricao,nome)VALUES(19	,LOCALTIMESTAMP,LOCALTIMESTAMP,0,'tipoParceiro'						,1		,'Colaborador'																	,'COLABORADOR'																					);
INSERT INTO dominio (id,datacriacao,dataedicao,version,chave,codigo,descricao,nome)VALUES(20	,LOCALTIMESTAMP,LOCALTIMESTAMP,0,'tipoDocumento'					,NULL	,'Nota Fiscal'																	,'NOTA_FISCAL'																					);
INSERT INTO dominio (id,datacriacao,dataedicao,version,chave,codigo,descricao,nome)VALUES(21	,LOCALTIMESTAMP,LOCALTIMESTAMP,0,'tipoDocumento'					,NULL	,'Nota de Empenho'																,'NOTA_EMPENHO'																					);
INSERT INTO dominio (id,datacriacao,dataedicao,version,chave,codigo,descricao,nome)VALUES(22	,LOCALTIMESTAMP,LOCALTIMESTAMP,0,'tipoPessoa'						,1		,'Física'																		,'FISICA'																						);
INSERT INTO dominio (id,datacriacao,dataedicao,version,chave,codigo,descricao,nome)VALUES(23	,LOCALTIMESTAMP,LOCALTIMESTAMP,0,'tipoPessoa'						,2		,'Jurídica'																		,'JURIDICA'																						);
INSERT INTO dominio (id,datacriacao,dataedicao,version,chave,codigo,descricao,nome)VALUES(24	,LOCALTIMESTAMP,LOCALTIMESTAMP,0,'tipoTelefone'						,NULL	,'Comercial'																	,'COMERCIAL'																					);
INSERT INTO dominio (id,datacriacao,dataedicao,version,chave,codigo,descricao,nome)VALUES(25	,LOCALTIMESTAMP,LOCALTIMESTAMP,0,'tipoTelefone'						,NULL	,'Residencial'																	,'RESIDENCIAL'																					);
INSERT INTO dominio (id,datacriacao,dataedicao,version,chave,codigo,descricao,nome)VALUES(26	,LOCALTIMESTAMP,LOCALTIMESTAMP,0,'tipoBem'							,1		,'Próprio Contabilizado'														,'PROPRIO_CONTABILIZADO'																		);
INSERT INTO dominio (id,datacriacao,dataedicao,version,chave,codigo,descricao,nome)VALUES(27	,LOCALTIMESTAMP,LOCALTIMESTAMP,0,'tipoEntrada'						,1		,'Orçamentária'																	,'ORCAMENTARIA'																					);
INSERT INTO dominio (id,datacriacao,dataedicao,version,chave,codigo,descricao,nome)VALUES(28	,LOCALTIMESTAMP,LOCALTIMESTAMP,0,'tipoSituacaoFisica'				,1		,'Bom'																			,'BOM'																							);
INSERT INTO dominio (id,datacriacao,dataedicao,version,chave,codigo,descricao,nome)VALUES(29	,LOCALTIMESTAMP,LOCALTIMESTAMP,0,'tipoSituacaoFisica'				,2		,'Regular'																		,'REGULAR'																						);
INSERT INTO dominio (id,datacriacao,dataedicao,version,chave,codigo,descricao,nome)VALUES(30	,LOCALTIMESTAMP,LOCALTIMESTAMP,0,'tipoStatusBem'					,1		,'Utilizado'																	,'UTILIZADO'																					);
INSERT INTO dominio (id,datacriacao,dataedicao,version,chave,codigo,descricao,nome)VALUES(31	,LOCALTIMESTAMP,LOCALTIMESTAMP,0,'tipoPrioridade'					,1		,'Baixo'																		,'BAIXO'																						);
INSERT INTO dominio (id,datacriacao,dataedicao,version,chave,codigo,descricao,nome)VALUES(32	,LOCALTIMESTAMP,LOCALTIMESTAMP,0,'tipoPrioridade'					,2		,'Médio'																		,'MEDIO'																						);
INSERT INTO dominio (id,datacriacao,dataedicao,version,chave,codigo,descricao,nome)VALUES(33	,LOCALTIMESTAMP,LOCALTIMESTAMP,0,'tipoPrioridade'					,3		,'Alto'																			,'ALTO'																							);
INSERT INTO dominio (id,datacriacao,dataedicao,version,chave,codigo,descricao,nome)VALUES(34	,LOCALTIMESTAMP,LOCALTIMESTAMP,0,'tipoNotificacao'					,1		,'Patrimônio'																	,'MODULO_PATRIMONIO'																			);
INSERT INTO dominio (id,datacriacao,dataedicao,version,chave,codigo,descricao,nome)VALUES(35	,LOCALTIMESTAMP,LOCALTIMESTAMP,0,'tipoNotificacao'					,2		,'Sistemas internos'															,'MODULO_SISTEMAS_INTERNOS'																		);
INSERT INTO dominio (id,datacriacao,dataedicao,version,chave,codigo,descricao,nome)VALUES(36	,LOCALTIMESTAMP,LOCALTIMESTAMP,0,'tipoClassificacaoMaterial'		,3		,'Material'																		,'MATERIAL'																						);
INSERT INTO dominio (id,datacriacao,dataedicao,version,chave,codigo,descricao,nome)VALUES(37	,LOCALTIMESTAMP,LOCALTIMESTAMP,0,'tipoClassificacaoMaterial'		,4		,'Detalhe'																		,'DETALHE'																						);
INSERT INTO dominio (id,datacriacao,dataedicao,version,chave,codigo,descricao,nome)VALUES(38	,LOCALTIMESTAMP,LOCALTIMESTAMP,0,'tipoSexo'							,1		,'Masculino'																	,'MASCULINO'																					);
INSERT INTO dominio (id,datacriacao,dataedicao,version,chave,codigo,descricao,nome)VALUES(39	,LOCALTIMESTAMP,LOCALTIMESTAMP,0,'tipoSexo'							,2		,'Feminino'																		,'FEMININO'																						);
INSERT INTO dominio (id,datacriacao,dataedicao,version,chave,codigo,descricao,nome)VALUES(40	,LOCALTIMESTAMP,LOCALTIMESTAMP,0,'tipoEstadoCivil'					,1		,'Solteiro'																		,'SOLTEIRO'																						);
INSERT INTO dominio (id,datacriacao,dataedicao,version,chave,codigo,descricao,nome)VALUES(41	,LOCALTIMESTAMP,LOCALTIMESTAMP,0,'tipoEstadoCivil'					,2		,'Casado'																		,'CASADO'																						);
INSERT INTO dominio (id,datacriacao,dataedicao,version,chave,codigo,descricao,nome)VALUES(42	,LOCALTIMESTAMP,LOCALTIMESTAMP,0,'tipoTelefone'						,NULL	,'Celular'																		,'CELULAR'																						);
INSERT INTO dominio (id,datacriacao,dataedicao,version,chave,codigo,descricao,nome)VALUES(43	,LOCALTIMESTAMP,LOCALTIMESTAMP,0,'tipoEstruturaOrganizacional'		,NULL	,'Unidade Gestora'																,'UNIDADE_GESTORA'																				);
INSERT INTO dominio (id,datacriacao,dataedicao,version,chave,codigo,descricao,nome)VALUES(44	,LOCALTIMESTAMP,LOCALTIMESTAMP,0,'tipoEstruturaOrganizacional'		,NULL	,'Unidade Administrativa'														,'UNIDADE_ADMINISTRATIVA'																		);
INSERT INTO dominio (id,datacriacao,dataedicao,version,chave,codigo,descricao,nome)VALUES(45	,LOCALTIMESTAMP,LOCALTIMESTAMP,0,'tipoEstruturaOrganizacional'		,NULL	,'Unidade Localizadora'															,'UNIDADE_LOCALIZADORA'																			);
INSERT INTO dominio (id,datacriacao,dataedicao,version,chave,codigo,descricao,nome)VALUES(46	,LOCALTIMESTAMP,LOCALTIMESTAMP,0,'tipoAbrangencia'					,2		,'Nacional'																		,'NACIONAL'																						);
INSERT INTO dominio (id,datacriacao,dataedicao,version,chave,codigo,descricao,nome)VALUES(47	,LOCALTIMESTAMP,LOCALTIMESTAMP,0,'tipoPorte'						,1		,'Micro Empresa'																,'MICRO_EMPRESA'																				);
INSERT INTO dominio (id,datacriacao,dataedicao,version,chave,codigo,descricao,nome)VALUES(48	,LOCALTIMESTAMP,LOCALTIMESTAMP,0,'tipoFornecedor'					,NULL	,'Juridica'																		,'JURIDICA'																						);
INSERT INTO dominio (id,datacriacao,dataedicao,version,chave,codigo,descricao,nome)VALUES(49	,LOCALTIMESTAMP,LOCALTIMESTAMP,0,'tipoModalidadeTransferencia'		,NULL	,'Permanente'																	,'PERMANENTE'																					);
INSERT INTO dominio (id,datacriacao,dataedicao,version,chave,codigo,descricao,nome)VALUES(50	,LOCALTIMESTAMP,LOCALTIMESTAMP,0,'tipoModalidadeTransferencia'		,NULL	,'Temporária'																	,'TEMPORARIA'																					);
INSERT INTO dominio (id,datacriacao,dataedicao,version,chave,codigo,descricao,nome)VALUES(51	,LOCALTIMESTAMP,LOCALTIMESTAMP,0,'tipoObjetivoTransferencia'		,NULL	,'Comodato'																		,'COMODATO'																						);
INSERT INTO dominio (id,datacriacao,dataedicao,version,chave,codigo,descricao,nome)VALUES(52	,LOCALTIMESTAMP,LOCALTIMESTAMP,0,'tipoObjetivoTransferencia'		,NULL	,'Conserto'																		,'CONSERTO'																						);
INSERT INTO dominio (id,datacriacao,dataedicao,version,chave,codigo,descricao,nome)VALUES(53	,LOCALTIMESTAMP,LOCALTIMESTAMP,0,'tipoObjetivoTransferencia'		,NULL	,'Empréstimo'																	,'EMPRESTIMO'																					);
INSERT INTO dominio (id,datacriacao,dataedicao,version,chave,codigo,descricao,nome)VALUES(54	,LOCALTIMESTAMP,LOCALTIMESTAMP,0,'tipoObjetivoTransferencia'		,NULL	,'Evento'																		,'EVENTO'																						);
INSERT INTO dominio (id,datacriacao,dataedicao,version,chave,codigo,descricao,nome)VALUES(55	,LOCALTIMESTAMP,LOCALTIMESTAMP,0,'tipoDado'							,5		,'Data'																			,'DATA'																							);
INSERT INTO dominio (id,datacriacao,dataedicao,version,chave,codigo,descricao,nome)VALUES(56	,LOCALTIMESTAMP,LOCALTIMESTAMP,0,'tipoDado'							,6		,'Tabela Tipo Domínio'															,'TIPO_DOMINIO'																					);
INSERT INTO dominio (id,datacriacao,dataedicao,version,chave,codigo,descricao,nome)VALUES(57	,LOCALTIMESTAMP,LOCALTIMESTAMP,0,'tipoDado'							,7		,'Arquivo'																		,'ARQUIVO'																						);
INSERT INTO dominio (id,datacriacao,dataedicao,version,chave,codigo,descricao,nome)VALUES(58	,LOCALTIMESTAMP,LOCALTIMESTAMP,0,'tipoStatusBem'					,2		,'Baixado'																		,'BAIXADO'																						);
INSERT INTO dominio (id,datacriacao,dataedicao,version,chave,codigo,descricao,nome)VALUES(59	,LOCALTIMESTAMP,LOCALTIMESTAMP,0,'tipoStatusBem'					,3		,'Disponível'																	,'DISPONIVEL'																					);
INSERT INTO dominio (id,datacriacao,dataedicao,version,chave,codigo,descricao,nome)VALUES(60	,LOCALTIMESTAMP,LOCALTIMESTAMP,0,'tipoStatusBem'					,4		,'Em processo de baixa'															,'EM_PROCESSO_DE_BAIXA'																			);
INSERT INTO dominio (id,datacriacao,dataedicao,version,chave,codigo,descricao,nome)VALUES(61	,LOCALTIMESTAMP,LOCALTIMESTAMP,0,'tipoStatusBem'					,5		,'Em processo de transferência'													,'EM_PROCESSO_DE_TRANSFERENCIA'																	);
INSERT INTO dominio (id,datacriacao,dataedicao,version,chave,codigo,descricao,nome)VALUES(62	,LOCALTIMESTAMP,LOCALTIMESTAMP,0,'tipoStatusBem'					,6		,'Em saída temporária'															,'EM_SAIDA_TEMPORARIA'																			);
INSERT INTO dominio (id,datacriacao,dataedicao,version,chave,codigo,descricao,nome)VALUES(63	,LOCALTIMESTAMP,LOCALTIMESTAMP,0,'tipoStatusBem'					,7		,'Extraviado'																	,'EXTRAVIADO'																					);
INSERT INTO dominio (id,datacriacao,dataedicao,version,chave,codigo,descricao,nome)VALUES(64	,LOCALTIMESTAMP,LOCALTIMESTAMP,0,'tipoStatusBem'					,8		,'Indisponível'																	,'INDISPONIVEL'																					);
INSERT INTO dominio (id,datacriacao,dataedicao,version,chave,codigo,descricao,nome)VALUES(65	,LOCALTIMESTAMP,LOCALTIMESTAMP,0,'tipoStatusBem'					,9		,'Sindicância'																	,'SINDICANCIA'																					);
INSERT INTO dominio (id,datacriacao,dataedicao,version,chave,codigo,descricao,nome)VALUES(66	,LOCALTIMESTAMP,LOCALTIMESTAMP,0,'tipoUnidadeMedida'				,NULL	,'UN'																			,'UN'																							);
INSERT INTO dominio (id,datacriacao,dataedicao,version,chave,codigo,descricao,nome)VALUES(67	,LOCALTIMESTAMP,LOCALTIMESTAMP,0,'tipoUnidadeMedida'				,NULL	,'CX'																			,'CX'																							);
INSERT INTO dominio (id,datacriacao,dataedicao,version,chave,codigo,descricao,nome)VALUES(68	,LOCALTIMESTAMP,LOCALTIMESTAMP,0,'tipoUnidadeMedida'				,NULL	,'PC'																			,'PC'																							);
INSERT INTO dominio (id,datacriacao,dataedicao,version,chave,codigo,descricao,nome)VALUES(71	,LOCALTIMESTAMP,LOCALTIMESTAMP,0,'tipoAnexo'						,1		,'.xml'																			,'XML'																							);
INSERT INTO dominio (id,datacriacao,dataedicao,version,chave,codigo,descricao,nome)VALUES(72	,LOCALTIMESTAMP,LOCALTIMESTAMP,0,'tipoAnexo'						,2		,'.jpg'																			,'JPG'																							);
INSERT INTO dominio (id,datacriacao,dataedicao,version,chave,codigo,descricao,nome)VALUES(73	,LOCALTIMESTAMP,LOCALTIMESTAMP,0,'tipoAnexo'						,3		,'.jpeg'																		,'JPEG'																							);
INSERT INTO dominio (id,datacriacao,dataedicao,version,chave,codigo,descricao,nome)VALUES(74	,LOCALTIMESTAMP,LOCALTIMESTAMP,0,'tipoAnexo'						,4		,'.png'																			,'PNG'																							);
INSERT INTO dominio (id,datacriacao,dataedicao,version,chave,codigo,descricao,nome)VALUES(75	,LOCALTIMESTAMP,LOCALTIMESTAMP,0,'tipoAnexo'						,5		,'.doc'																			,'DOC'																							);
INSERT INTO dominio (id,datacriacao,dataedicao,version,chave,codigo,descricao,nome)VALUES(76	,LOCALTIMESTAMP,LOCALTIMESTAMP,0,'tipoAnexo'						,6		,'.xls'																			,'XLS'																							);
INSERT INTO dominio (id,datacriacao,dataedicao,version,chave,codigo,descricao,nome)VALUES(77	,LOCALTIMESTAMP,LOCALTIMESTAMP,0,'tipoAnexo'						,7		,'Sem extensão'																	,'SEM_EXTENSAO'																					);
INSERT INTO dominio (id,datacriacao,dataedicao,version,chave,codigo,descricao,nome)VALUES(79	,LOCALTIMESTAMP,LOCALTIMESTAMP,0,'tipoBem'							,2		,'Próprio Controlado'															,'PROPRIO_CONTROLADO'																			);
INSERT INTO dominio (id,datacriacao,dataedicao,version,chave,codigo,descricao,nome)VALUES(80	,LOCALTIMESTAMP,LOCALTIMESTAMP,0,'tipoBem'							,3		,'De Terceiros'																	,'DE_TERCEIROS'																					);
INSERT INTO dominio (id,datacriacao,dataedicao,version,chave,codigo,descricao,nome)VALUES(81	,LOCALTIMESTAMP,LOCALTIMESTAMP,0,'tipoBaixa'						,1		,'Venda'																		,'VENDA'																						);
INSERT INTO dominio (id,datacriacao,dataedicao,version,chave,codigo,descricao,nome)VALUES(82	,LOCALTIMESTAMP,LOCALTIMESTAMP,0,'tipoBaixa'						,2		,'Doação'																		,'DOACAO'																						);
INSERT INTO dominio (id,datacriacao,dataedicao,version,chave,codigo,descricao,nome)VALUES(83	,LOCALTIMESTAMP,LOCALTIMESTAMP,0,'tipoBaixa'						,3		,'Cessão de Uso'																,'CESSAO_DE_USO'																				);
INSERT INTO dominio (id,datacriacao,dataedicao,version,chave,codigo,descricao,nome)VALUES(84	,LOCALTIMESTAMP,LOCALTIMESTAMP,0,'tipoBaixa'						,4		,'Extravio'																		,'EXTRAVIO'																						);
INSERT INTO dominio (id,datacriacao,dataedicao,version,chave,codigo,descricao,nome)VALUES(85	,LOCALTIMESTAMP,LOCALTIMESTAMP,0,'tipoBaixa'						,5		,'Permuta'																		,'PERMUTA'																						);
INSERT INTO dominio (id,datacriacao,dataedicao,version,chave,codigo,descricao,nome)VALUES(86	,LOCALTIMESTAMP,LOCALTIMESTAMP,0,'tipoSituacaoBaixa'				,1		,'Em Andamento'																	,'EM_ANDAMENTO'																					);
INSERT INTO dominio (id,datacriacao,dataedicao,version,chave,codigo,descricao,nome)VALUES(87	,LOCALTIMESTAMP,LOCALTIMESTAMP,0,'tipoSituacaoBaixa'				,2		,'Autorizada'																	,'AUTORIZADA'																					);
INSERT INTO dominio (id,datacriacao,dataedicao,version,chave,codigo,descricao,nome)VALUES(88	,LOCALTIMESTAMP,LOCALTIMESTAMP,0,'tipoSituacaoBaixa'				,3		,'Não Autorizada'																,'NAO_AUTORIZADA'																				);
INSERT INTO dominio (id,datacriacao,dataedicao,version,chave,codigo,descricao,nome)VALUES(89	,LOCALTIMESTAMP,LOCALTIMESTAMP,0,'tipoObjetivoSaidaTemporaria'		,1		,'Comodato'																		,'COMODATO'																						);
INSERT INTO dominio (id,datacriacao,dataedicao,version,chave,codigo,descricao,nome)VALUES(90	,LOCALTIMESTAMP,LOCALTIMESTAMP,0,'tipoObjetivoSaidaTemporaria'		,2		,'Conserto'																		,'CONSERTO'																						);
INSERT INTO dominio (id,datacriacao,dataedicao,version,chave,codigo,descricao,nome)VALUES(91	,LOCALTIMESTAMP,LOCALTIMESTAMP,0,'tipoObjetivoSaidaTemporaria'		,3		,'Empréstimo'																	,'EMPRESTIMO'																					);
INSERT INTO dominio (id,datacriacao,dataedicao,version,chave,codigo,descricao,nome)VALUES(92	,LOCALTIMESTAMP,LOCALTIMESTAMP,0,'tipoObjetivoSaidaTemporaria'		,4		,'Evento'																		,'EVENTO'																						);
INSERT INTO dominio (id,datacriacao,dataedicao,version,chave,codigo,descricao,nome)VALUES(93	,LOCALTIMESTAMP,LOCALTIMESTAMP,0,'tipoProjetoSaidaTemporaria'		,1		,'Outro'																		,'OUTRO'																						);
INSERT INTO dominio (id,datacriacao,dataedicao,version,chave,codigo,descricao,nome)VALUES(94	,LOCALTIMESTAMP,LOCALTIMESTAMP,0,'tipoPorte'						,2		,'Pequena'																		,'PEQUENA'																						);
INSERT INTO dominio (id,datacriacao,dataedicao,version,chave,codigo,descricao,nome)VALUES(95	,LOCALTIMESTAMP,LOCALTIMESTAMP,0,'tipoPorte'						,3		,'Media'																		,'MEDIA'																						);
INSERT INTO dominio (id,datacriacao,dataedicao,version,chave,codigo,descricao,nome)VALUES(96	,LOCALTIMESTAMP,LOCALTIMESTAMP,0,'tipoPorte'						,4		,'Grande'																		,'GRANDE'																						);
INSERT INTO dominio (id,datacriacao,dataedicao,version,chave,codigo,descricao,nome)VALUES(97	,LOCALTIMESTAMP,LOCALTIMESTAMP,0,'tipoAbrangencia'					,1		,'Local'																		,'LOCAL'																						);
INSERT INTO dominio (id,datacriacao,dataedicao,version,chave,codigo,descricao,nome)VALUES(98	,LOCALTIMESTAMP,LOCALTIMESTAMP,0,'tipoAbrangencia'					,3		,'Regional'																		,'REGIONAL'																						);
INSERT INTO dominio (id,datacriacao,dataedicao,version,chave,codigo,descricao,nome)VALUES(99	,LOCALTIMESTAMP,LOCALTIMESTAMP,0,'tipoContaContabil'				,1		,'Resultado'																	,'RESULTADO'																					);
INSERT INTO dominio (id,datacriacao,dataedicao,version,chave,codigo,descricao,nome)VALUES(100	,LOCALTIMESTAMP,LOCALTIMESTAMP,0,'tipoContaContabil'				,2		,'Receita'																		,'RECEITA'																						);
INSERT INTO dominio (id,datacriacao,dataedicao,version,chave,codigo,descricao,nome)VALUES(101	,LOCALTIMESTAMP,LOCALTIMESTAMP,0,'tipoContaContabil'				,3		,'Despesa'																		,'DESPESA'																						);
INSERT INTO dominio (id,datacriacao,dataedicao,version,chave,codigo,descricao,nome)VALUES(102	,LOCALTIMESTAMP,LOCALTIMESTAMP,0,'tipoContaContabil'				,4		,'Passivo'																		,'PASSIVO'																						);
INSERT INTO dominio (id,datacriacao,dataedicao,version,chave,codigo,descricao,nome)VALUES(103	,LOCALTIMESTAMP,LOCALTIMESTAMP,0,'tipoContaContabil'				,5		,'Ativo'																		,'ATIVO'																						);
INSERT INTO dominio (id,datacriacao,dataedicao,version,chave,codigo,descricao,nome)VALUES(104	,LOCALTIMESTAMP,LOCALTIMESTAMP,0,'tipoDepreciacao'					,1		,'Linear'																		,'LINEAR'																						);
INSERT INTO dominio (id,datacriacao,dataedicao,version,chave,codigo,descricao,nome)VALUES(105	,LOCALTIMESTAMP,LOCALTIMESTAMP,0,'tipoAlteracaoBemPatrimonial'		,1		,'Período de Garantia'															,'PERIODO_GARANTIA'																				);
INSERT INTO dominio (id,datacriacao,dataedicao,version,chave,codigo,descricao,nome)VALUES(106	,LOCALTIMESTAMP,LOCALTIMESTAMP,0,'tipoAlteracaoBemPatrimonial'		,2		,'Situação física'																,'SITUACAO_FISICA'																				);
INSERT INTO dominio (id,datacriacao,dataedicao,version,chave,codigo,descricao,nome)VALUES(107	,LOCALTIMESTAMP,LOCALTIMESTAMP,0,'tipoAlteracaoBemPatrimonial'		,3		,'Status do Bem'																,'STATUS_BEM'																					);
INSERT INTO dominio (id,datacriacao,dataedicao,version,chave,codigo,descricao,nome)VALUES(108	,LOCALTIMESTAMP,LOCALTIMESTAMP,0,'tipoAlteracaoBemPatrimonial'		,4		,'Número Patrimonial'															,'NUMERO_PATRIMONIAL'																			);
INSERT INTO dominio (id,datacriacao,dataedicao,version,chave,codigo,descricao,nome)VALUES(109	,LOCALTIMESTAMP,LOCALTIMESTAMP,0,'tipoAlteracaoBemPatrimonial'		,5		,'Valor Mercado'																,'VALOR_MERCADO'																				);
INSERT INTO dominio (id,datacriacao,dataedicao,version,chave,codigo,descricao,nome)VALUES(110	,LOCALTIMESTAMP,LOCALTIMESTAMP,0,'tipoMotivoAlteracaoBem'			,1		,'Ajuste de dados'																,'AJUSTE_DE_DADOS'																				);
INSERT INTO dominio (id,datacriacao,dataedicao,version,chave,codigo,descricao,nome)VALUES(111	,LOCALTIMESTAMP,LOCALTIMESTAMP,0,'tipoMotivoAlteracaoBem'			,2		,'Atualização monetária'														,'ATUALIZACAO_MONETARIA'																		);
INSERT INTO dominio (id,datacriacao,dataedicao,version,chave,codigo,descricao,nome)VALUES(112	,LOCALTIMESTAMP,LOCALTIMESTAMP,0,'tipoMotivoAlteracaoBem'			,3		,'Reavaliação'																	,'REAVALIACAO'																					);
INSERT INTO dominio (id,datacriacao,dataedicao,version,chave,codigo,descricao,nome)VALUES(113	,LOCALTIMESTAMP,LOCALTIMESTAMP,0,'tipoMotivoAlteracaoBem'			,4		,'Inventário'																	,'INVENTARIO'																					);
INSERT INTO dominio (id,datacriacao,dataedicao,version,chave,codigo,descricao,nome)VALUES(116	,LOCALTIMESTAMP,LOCALTIMESTAMP,0,'tipoSituacaoFisica'				,3		,'Inservível'																	,'INSERVIVEL'																					);
INSERT INTO dominio (id,datacriacao,dataedicao,version,chave,codigo,descricao,nome)VALUES(117	,LOCALTIMESTAMP,LOCALTIMESTAMP,0,'tipoSituacaoFisica'				,4		,'Precário'																		,'PRECARIO'																						);
INSERT INTO dominio (id,datacriacao,dataedicao,version,chave,codigo,descricao,nome)VALUES(118	,LOCALTIMESTAMP,LOCALTIMESTAMP,0,'tipoSituacaoFisica'				,5		,'Ruim'																			,'RUIM'																							);
INSERT INTO dominio (id,datacriacao,dataedicao,version,chave,codigo,descricao,nome)VALUES(119	,LOCALTIMESTAMP,LOCALTIMESTAMP,0,'tipoSituacaoFisica'				,6		,'Antieconômico'																,'ANTIECONOMICO'																				);
INSERT INTO dominio (id,datacriacao,dataedicao,version,chave,codigo,descricao,nome)VALUES(120	,LOCALTIMESTAMP,LOCALTIMESTAMP,0,'tipoSituacaoFisica'				,7		,'Danificado'																	,'DANIFICADO'																					);
INSERT INTO dominio (id,datacriacao,dataedicao,version,chave,codigo,descricao,nome)VALUES(121	,LOCALTIMESTAMP,LOCALTIMESTAMP,0,'tipoSituacaoFisica'				,8		,'Obsoleto'																		,'OBSOLETO'																						);
INSERT INTO dominio (id,datacriacao,dataedicao,version,chave,codigo,descricao,nome)VALUES(122	,LOCALTIMESTAMP,LOCALTIMESTAMP,0,'tipoSituacaoFisica'				,9		,'Ocioso'																		,'OCIOSO'																						);
INSERT INTO dominio (id,datacriacao,dataedicao,version,chave,codigo,descricao,nome)VALUES(123	,LOCALTIMESTAMP,LOCALTIMESTAMP,0,'tipoSituacaoFisica'				,10		,'Recuperável'																	,'RECUPERAVEL'																					);
INSERT INTO dominio (id,datacriacao,dataedicao,version,chave,codigo,descricao,nome)VALUES(124	,LOCALTIMESTAMP,LOCALTIMESTAMP,0,'tipoOperacao'						,1		,'Alteração de status'															,'ATUALIZACAO_STATUS'																			);
INSERT INTO dominio (id,datacriacao,dataedicao,version,chave,codigo,descricao,nome)VALUES(125	,LOCALTIMESTAMP,LOCALTIMESTAMP,0,'tipoOperacao'						,2		,'Processo de sindicância'														,'PROCESSO_SINDICANCIA'																			);
INSERT INTO dominio (id,datacriacao,dataedicao,version,chave,codigo,descricao,nome)VALUES(126	,LOCALTIMESTAMP,LOCALTIMESTAMP,0,'tipoHistorico'					,1		,'Alteração'																	,'ALTERACAO'																					);
INSERT INTO dominio (id,datacriacao,dataedicao,version,chave,codigo,descricao,nome)VALUES(127	,LOCALTIMESTAMP,LOCALTIMESTAMP,0,'tipoStatusDepreciacao'			,1		,'Depreciável'																	,'DEPRECIAVEL'																					);
INSERT INTO dominio (id,datacriacao,dataedicao,version,chave,codigo,descricao,nome)VALUES(128	,LOCALTIMESTAMP,LOCALTIMESTAMP,0,'tipoStatusDepreciacao'			,2		,'Armazenado no Almoxarifado'													,'NAO_DEPRECIAVEL_ALMOXARIFADO'																	);
INSERT INTO dominio (id,datacriacao,dataedicao,version,chave,codigo,descricao,nome)VALUES(129	,LOCALTIMESTAMP,LOCALTIMESTAMP,0,'tipoStatusDepreciacao'			,3		,'Valor Mínimo'																	,'NAO_DEPRECIAVEL_VALOR_MINIMO'																	);
INSERT INTO dominio (id,datacriacao,dataedicao,version,chave,codigo,descricao,nome)VALUES(130	,LOCALTIMESTAMP,LOCALTIMESTAMP,0,'tipoStatusDepreciacao'			,4		,'Vida Útil Zero'																,'NAO_DEPRECIAVEL_VIDA_UTIL'																	);
INSERT INTO dominio (id,datacriacao,dataedicao,version,chave,codigo,descricao,nome)VALUES(131	,LOCALTIMESTAMP,LOCALTIMESTAMP,0,'tipoMovimentoContaContabil'		,1		,'Entrada'																		,'ENTRADA'																						);
INSERT INTO dominio (id,datacriacao,dataedicao,version,chave,codigo,descricao,nome)VALUES(132	,LOCALTIMESTAMP,LOCALTIMESTAMP,0,'tipoMovimentoContaContabil'		,2		,'Baixa'																		,'BAIXA'																						);
INSERT INTO dominio (id,datacriacao,dataedicao,version,chave,codigo,descricao,nome)VALUES(133	,LOCALTIMESTAMP,LOCALTIMESTAMP,0,'tipoMovimentoContaContabil'		,3		,'Transferência Interna Entrada'												,'TRANSFERENCIA_INTERNA_ENTRADA'																);
INSERT INTO dominio (id,datacriacao,dataedicao,version,chave,codigo,descricao,nome)VALUES(134	,LOCALTIMESTAMP,LOCALTIMESTAMP,0,'tipoMovimentoContaContabil'		,4		,'Transferência Interna Baixa'													,'TRANSFERENCIA_INTERNA_BAIXA'																	);
INSERT INTO dominio (id,datacriacao,dataedicao,version,chave,codigo,descricao,nome)VALUES(135	,LOCALTIMESTAMP,LOCALTIMESTAMP,0,'tipoEntrada'						,2		,'Extra orçamentária'															,'EXTRA_ORCAMENTARIA'																			);
INSERT INTO dominio (id,datacriacao,dataedicao,version,chave,codigo,descricao,nome)VALUES(136	,LOCALTIMESTAMP,LOCALTIMESTAMP,0,'tipoMotivoAlteracaoBem'			,5		,'Alteração devida a Depreciação'												,'DEPRECIACAO'																					);
INSERT INTO dominio (id,datacriacao,dataedicao,version,chave,codigo,descricao,nome)VALUES(137	,LOCALTIMESTAMP,LOCALTIMESTAMP,0,'tipoMovimentacao'					,1		,'Transferência Interna'														,'TRANSFERENCIA_INTERNA'																		);
INSERT INTO dominio (id,datacriacao,dataedicao,version,chave,codigo,descricao,nome)VALUES(138	,LOCALTIMESTAMP,LOCALTIMESTAMP,0,'tipoMovimentacao'					,2		,'Definição detentor'															,'DEFINICAO_DETENTOR'																			);
INSERT INTO dominio (id,datacriacao,dataedicao,version,chave,codigo,descricao,nome)VALUES(139	,LOCALTIMESTAMP,LOCALTIMESTAMP,0,'tipoRecebimento'					,1		,'Compra'																		,'COMPRA'																						);
INSERT INTO dominio (id,datacriacao,dataedicao,version,chave,codigo,descricao,nome)VALUES(140	,LOCALTIMESTAMP,LOCALTIMESTAMP,0,'tipoRecebimento'					,2		,'Cessão'																		,'CESSAO'																						);
INSERT INTO dominio (id,datacriacao,dataedicao,version,chave,codigo,descricao,nome)VALUES(141	,LOCALTIMESTAMP,LOCALTIMESTAMP,0,'tipoRecebimento'					,3		,'Doação'																		,'DOACAO'																						);
INSERT INTO dominio (id,datacriacao,dataedicao,version,chave,codigo,descricao,nome)VALUES(142	,LOCALTIMESTAMP,LOCALTIMESTAMP,0,'tipoRecebimento'					,4		,'Permuta'																		,'PERMUTA'																						);
INSERT INTO dominio (id,datacriacao,dataedicao,version,chave,codigo,descricao,nome)VALUES(143	,LOCALTIMESTAMP,LOCALTIMESTAMP,0,'tipoRecebimento'					,5		,'Transferência'																,'TRANSFERENCIA'																				);
INSERT INTO dominio (id,datacriacao,dataedicao,version,chave,codigo,descricao,nome)VALUES(144	,LOCALTIMESTAMP,LOCALTIMESTAMP,0,'tipoRecebimento'					,6		,'Produção interna'																,'PRODUCAO_INTERNA'																				);
INSERT INTO dominio (id,datacriacao,dataedicao,version,chave,codigo,descricao,nome)VALUES(145	,LOCALTIMESTAMP,LOCALTIMESTAMP,0,'tipoHistorico'					,2		,'Entrada'																		,'HISTORICO_ENTRADA'																			);
INSERT INTO dominio (id,datacriacao,dataedicao,version,chave,codigo,descricao,nome)VALUES(146	,LOCALTIMESTAMP,LOCALTIMESTAMP,0,'tipoMotivoAlteracaoBem'			,6		,'Incorporação de Bem Patrimonial'												,'INCORPORACAO_BEM_PATRIMONIAL'																	);
INSERT INTO dominio (id,datacriacao,dataedicao,version,chave,codigo,descricao,nome)VALUES(147	,LOCALTIMESTAMP,LOCALTIMESTAMP,0,'tipoHistorico'					,3		,'Baixa'																		,'HISTORICO_BAIXA'																				);
INSERT INTO dominio (id,datacriacao,dataedicao,version,chave,codigo,descricao,nome)VALUES(148	,LOCALTIMESTAMP,LOCALTIMESTAMP,0,'tipoMotivoAlteracaoBem'			,7		,'Início do processo de baixa de bens'											,'INICIO_PROCESSO_BAIXA'																		);
INSERT INTO dominio (id,datacriacao,dataedicao,version,chave,codigo,descricao,nome)VALUES(149	,LOCALTIMESTAMP,LOCALTIMESTAMP,0,'tipoMotivoAlteracaoBem'			,8		,'Processo de Baixa de Bens concluído'											,'PROCESSO_DE_BAIXA_AUTORIZADO'																	);
INSERT INTO dominio (id,datacriacao,dataedicao,version,chave,codigo,descricao,nome)VALUES(150	,LOCALTIMESTAMP,LOCALTIMESTAMP,0,'tipoMotivoAlteracaoBem'			,9		,'Processo de Baixa de Bens não autorizado'										,'PROCESSO_DE_BAIXA_NAO_AUTORIZADO'																);
INSERT INTO dominio (id,datacriacao,dataedicao,version,chave,codigo,descricao,nome)VALUES(151	,LOCALTIMESTAMP,LOCALTIMESTAMP,0,'tipoMotivoAlteracaoBem'			,10		,'Atualização do Status na Baixa'												,'ATUALIZACAO_STATUS_BAIXA'																		);
INSERT INTO dominio (id,datacriacao,dataedicao,version,chave,codigo,descricao,nome)VALUES(152	,LOCALTIMESTAMP,LOCALTIMESTAMP,0,'tipoMotivoAlteracaoBem'			,11		,'Transferência por ocasião de atribuição a Bem Principal'						,'TRANSFERENCIA_POR_OCASIAO_DE_ATRIBUICAO_A_BEM_PRINCIPAL'										);
INSERT INTO dominio (id,datacriacao,dataedicao,version,chave,codigo,descricao,nome)VALUES(153	,LOCALTIMESTAMP,LOCALTIMESTAMP,0,'tipoHistorico'					,4		,'Adição a Bem Principal'														,'ADICAO_A_BEM_PRINCIPAL'																		);
INSERT INTO dominio (id,datacriacao,dataedicao,version,chave,codigo,descricao,nome)VALUES(154	,LOCALTIMESTAMP,LOCALTIMESTAMP,0,'tipoHistorico'					,5		,'Transferência Interna'														,'TRANSFERENCIA_INTERNA'																		);
INSERT INTO dominio (id,datacriacao,dataedicao,version,chave,codigo,descricao,nome)VALUES(155	,LOCALTIMESTAMP,LOCALTIMESTAMP,0,'tipoMotivoAlteracaoBem'			,12		,'Transferência entre Estruturas Organizacionais'								,'TRANSFERENCIA_ENTRE_ESTRUTURAS_ORGANIZACIONAIS'												);
INSERT INTO dominio (id,datacriacao,dataedicao,version,chave,codigo,descricao,nome)VALUES(156	,LOCALTIMESTAMP,LOCALTIMESTAMP,0,'tipoMotivoAlteracaoBem'			,13		,'Atribuição de novo Detentor por ocasião de atribuição a Bem Principal'		,'ATRIBUICAO_DE_NOVO_DETENTOR_POR_OCASIAO_DE_ATRIBUICAO_A_BEM_PRINCIPAL'						);
INSERT INTO dominio (id,datacriacao,dataedicao,version,chave,codigo,descricao,nome)VALUES(157	,LOCALTIMESTAMP,LOCALTIMESTAMP,0,'tipoMotivoAlteracaoBem'			,14		,'Atribuição de novo Responsável por ocasião de atribuição a Bem Principal'		,'ATRIBUICAO_DE_NOVO_RESPONSAVEL_POR_OCASIAO_DE_ATRIBUICAO_A_BEM_PRINCIPAL'						);
INSERT INTO dominio (id,datacriacao,dataedicao,version,chave,codigo,descricao,nome)VALUES(158	,LOCALTIMESTAMP,LOCALTIMESTAMP,0,'tipoMotivoAlteracaoBem'			,15		,'Atribuição a um Bem Principal'												,'ATRIBUICAO_A_UM_BEM_PRINCIPAL'																);
INSERT INTO dominio (id,datacriacao,dataedicao,version,chave,codigo,descricao,nome)VALUES(159	,LOCALTIMESTAMP,LOCALTIMESTAMP,0,'tipoMotivoAlteracaoBem'			,16		,'Atribuição de Bens filhos'													,'ATRIBUICAO_DE_BENS_FILHOS'																	);
INSERT INTO dominio (id,datacriacao,dataedicao,version,chave,codigo,descricao,nome)VALUES(160	,LOCALTIMESTAMP,LOCALTIMESTAMP,0,'tipoMotivoAlteracaoBem'			,17		,'Estorno da baixa'																,'ESTORNO_BAIXA'																				);
INSERT INTO dominio (id,datacriacao,dataedicao,version,chave,codigo,descricao,nome)VALUES(161	,LOCALTIMESTAMP,LOCALTIMESTAMP,0,'tipoMotivoAlteracaoBem'			,18		,'Estorno do item da baixa'														,'ESTORNO_ITEM_BAIXA'																			);
INSERT INTO dominio (id,datacriacao,dataedicao,version,chave,codigo,descricao,nome)VALUES(162	,LOCALTIMESTAMP,LOCALTIMESTAMP,0,'tipoMotivoAlteracaoBem'			,19		,'Exclusão da baixa'															,'EXCLUIR_BAIXA'																				);
INSERT INTO dominio (id,datacriacao,dataedicao,version,chave,codigo,descricao,nome)VALUES(163	,LOCALTIMESTAMP,LOCALTIMESTAMP,0,'tipoMotivoAlteracaoBem'			,20		,'Exclusão do item da baixa'													,'EXCLUIR_ITEM_BAIXA'																			);
INSERT INTO dominio (id,datacriacao,dataedicao,version,chave,codigo,descricao,nome)VALUES(164	,LOCALTIMESTAMP,LOCALTIMESTAMP,0,'tipoMotivoAlteracaoBem'			,21		,'Definição Detentor'															,'DEFINICAO_DETENTOR'																			);
INSERT INTO dominio (id,datacriacao,dataedicao,version,chave,codigo,descricao,nome)VALUES(165	,LOCALTIMESTAMP,LOCALTIMESTAMP,0,'tipoHistorico'					,6		,'Atribuir Detentor'															,'TIPO_HISTORICO_ATRIBUIR_DETENTOR'																);
INSERT INTO dominio (id,datacriacao,dataedicao,version,chave,codigo,descricao,nome)VALUES(166	,LOCALTIMESTAMP,LOCALTIMESTAMP,0,'tipoMotivoAlteracaoBem'			,22		,'Exclusão de um Bem vinculado'													,'EXCLUSAO_DE_UM_BEM_VINCULADO'																	);
INSERT INTO dominio (id,datacriacao,dataedicao,version,chave,codigo,descricao,nome)VALUES(167	,LOCALTIMESTAMP,LOCALTIMESTAMP,0,'tipoMotivoAlteracaoBem'			,23		,'Exclusão de vinculo a bem principal'											,'EXCLUSAO_DE_VINCULO_A_BEM_PRINCIPAL'															);
INSERT INTO dominio (id,datacriacao,dataedicao,version,chave,codigo,descricao,nome)VALUES(168	,LOCALTIMESTAMP,LOCALTIMESTAMP,0,'tipoMotivoAlteracaoBem'			,24		,'Exclusão de Detentor por ocasião da exclusão do vínculo com o Bem Principal'	,'EXCLUSAO_DO_DETENTOR_POR_OCASIAO_DA_EXCLUSAO_DO_VINCULO_COM_O_BEM_PRINCIPAL'					);
INSERT INTO dominio (id,datacriacao,dataedicao,version,chave,codigo,descricao,nome)VALUES(169	,LOCALTIMESTAMP,LOCALTIMESTAMP,0,'tipoMotivoAlteracaoBem'			,25		,'Exclusão de Responsável por ocasião da exclusão do vínculo com Bem Principal'	,'EXCLUSAO_DO_RESPONSAVEL_POR_OCASIAO_DA_EXCLUSAO_DO_VINCULO_COM_O_BEM_PRINCIPAL'				);
INSERT INTO dominio (id,datacriacao,dataedicao,version,chave,codigo,descricao,nome)VALUES(170	,LOCALTIMESTAMP,LOCALTIMESTAMP,0,'tipoMotivoAlteracaoBem'			,26		,'Definição Responsável'														,'TIPO_MOTIVO_ALTERACAO_BEM_DEFINICAO_NOVO_RESPONSAVEL_CODIGO'									);
INSERT INTO dominio (id,datacriacao,dataedicao,version,chave,codigo,descricao,nome)VALUES(171	,LOCALTIMESTAMP,LOCALTIMESTAMP,0,'tipoMotivoAlteracaoBem'			,27		,'Saída Temporária'																,'TIPO_MOTIVO_ALTERACAO_BEM_EM_SAIDA_TEMPORARIA'												);
INSERT INTO dominio (id,datacriacao,dataedicao,version,chave,codigo,descricao,nome)VALUES(172	,LOCALTIMESTAMP,LOCALTIMESTAMP,0,'tipoMotivoAlteracaoBem'			,28		,'Transferência por ocasião de definição de novo Detentor'						,'TIPO_MOTIVO_ALTERACAO_BEM_TRANSFERENCIA_POR_OCASIAO_DE_DEFINICAO_DE_NOVO_DETENTOR'			);
INSERT INTO dominio (id,datacriacao,dataedicao,version,chave,codigo,descricao,nome)VALUES(173	,LOCALTIMESTAMP,LOCALTIMESTAMP,0,'tipoStatusBem'					,10		,'Não localizado'																,'TIPO_STATUS_BEM_NAO_LOCALIZADO'																);
INSERT INTO dominio (id,datacriacao,dataedicao,version,chave,codigo,descricao,nome)VALUES(174	,LOCALTIMESTAMP,LOCALTIMESTAMP,0,'tipoMotivoAlteracaoBem'			,29		,'Remoção de Detentor por ocasião de atribuição a Bem Principal'				,'TIPO_MOTIVO_ALTERACAO_BEM_REMOCAO_DE_DETENTOR_POR_OCASIAO_DE_ATRIBUICAO_A_BEM_PRINCIPAL'		);
INSERT INTO dominio (id,datacriacao,dataedicao,version,chave,codigo,descricao,nome)VALUES(175	,LOCALTIMESTAMP,LOCALTIMESTAMP,0,'tipoMotivoAlteracaoBem'			,30		,'Remoção de Responsável por ocasião de atribuição a Bem Principal'				,'TIPO_MOTIVO_ALTERACAO_BEM_REMOCAO_DE_RESPONSAVEL_POR_OCASIAO_DE_ATRIBUICAO_A_BEM_PRINCIPAL'	);
INSERT INTO dominio (id,datacriacao,dataedicao,version,chave,codigo,descricao,nome)VALUES(176	,LOCALTIMESTAMP,LOCALTIMESTAMP,0,'tipoFeriado'						,1		,'Data'																			,'DATA'																							);
INSERT INTO dominio (id,datacriacao,dataedicao,version,chave,codigo,descricao,nome)VALUES(177	,LOCALTIMESTAMP,LOCALTIMESTAMP,0,'tipoFeriado'						,2		,'Período'																		,'PERIODO'																						);
INSERT INTO dominio (id,datacriacao,dataedicao,version,chave,codigo,descricao,nome)VALUES(178	,LOCALTIMESTAMP,LOCALTIMESTAMP,0,'abrangenciaFeriado'				,1		,'Mundial'																		,'MUNDIAL'																						);
INSERT INTO dominio (id,datacriacao,dataedicao,version,chave,codigo,descricao,nome)VALUES(179	,LOCALTIMESTAMP,LOCALTIMESTAMP,0,'abrangenciaFeriado'				,2		,'Nacional'																		,'NACIONAL'																						);
INSERT INTO dominio (id,datacriacao,dataedicao,version,chave,codigo,descricao,nome)VALUES(180	,LOCALTIMESTAMP,LOCALTIMESTAMP,0,'abrangenciaFeriado'				,3		,'Estadual'																		,'ESTADUAL'																						);
INSERT INTO dominio (id,datacriacao,dataedicao,version,chave,codigo,descricao,nome)VALUES(181	,LOCALTIMESTAMP,LOCALTIMESTAMP,0,'abrangenciaFeriado'				,4		,'Municipal'																	,'MUNICIPAL'																					);
INSERT INTO dominio (id,datacriacao,dataedicao,version,chave,codigo,descricao,nome)VALUES(182	,LOCALTIMESTAMP,LOCALTIMESTAMP,0,'tipoExcecaoFeriado'				,1		,'Folga'																		,'FOLGA'																						);
INSERT INTO dominio (id,datacriacao,dataedicao,version,chave,codigo,descricao,nome)VALUES(183	,LOCALTIMESTAMP,LOCALTIMESTAMP,0,'tipoExcecaoFeriado'				,2		,'Trabalho'																		,'TRABALHO'																						);

-- CONFIGURAÇÃO ESTRUTURA ORGANIZACIONAL ORGAO 1
INSERT INTO configuracao(id,datacriacao,dataedicao,version,dominioStatusBemExtraviado_id) VALUES (1,LOCALTIMESTAMP,LOCALTIMESTAMP,0,63);

-- ENDERECO
INSERT INTO endereco(id,datacriacao,dataedicao,version,cep,codigo,complemento,logradouro,nome,numero,bairro_id,cidade_id,dominiotipoendereco_id,pessoa_id,latitude,longitude)VALUES(1,LOCALTIMESTAMP,LOCALTIMESTAMP,0,'74043-000','COD','COMPLEMENTOTESTE','LOG.TESTE','NOMETESTE','0000',1,1,7,NULL,12,14);

-- ORGAOS OU ESTRUTURAS - CORE
INSERT INTO estruturaorgao(id,datacriacao,dataedicao,version,isorgao,nome,sigla,dataReferenciaVigente) VALUES (1,LOCALTIMESTAMP,LOCALTIMESTAMP, 0, true, 'Órgão', 'Órgão', LOCALTIMESTAMP);

-- MAPA ORGANIZACIONAL
INSERT INTO mapaorganizacional(id,datacriacao,dataedicao,version,datainicio,nome,orgao_id)VALUES(1,LOCALTIMESTAMP,LOCALTIMESTAMP,0,LOCALTIMESTAMP,'MapaOrganizacional1',1);

-- LOCALIZACAO
INSERT INTO localizacao(id,datacriacao,dataedicao,version,nome,endereco_id,codigo,orgao_id)VALUES(1,LOCALTIMESTAMP,LOCALTIMESTAMP,1,'Sala101',1,'LOC0001',1);

-- ESTRUTURA ORGANIZACIONAL - ORGAO
INSERT INTO estruturaorganizacional(id,classificacao,datainicio,possuibempatrimonial,dominiotipoestruturaorganizacional_id,localizacao_id,mapaorganizacional_id,codigo,almoxarifado,configuracao_id) VALUES (1,'classificação1',LOCALTIMESTAMP,false,43,1,1,456,false,1);

INSERT INTO accessrole (id,datacriacao,dataedicao,version,roles,url) VALUES (1,LOCALTIMESTAMP,LOCALTIMESTAMP,0,'ROLE_ADMIN'					,'/html/**');
INSERT INTO accessrole (id,datacriacao,dataedicao,version,roles,url) VALUES (2,LOCALTIMESTAMP,LOCALTIMESTAMP,0,'ROLE_ADMIN,ROLE_MANAGER'	,'/admin/**');

-- USUARIO - SISTEMA
INSERT INTO seguranca_usuario (id,datacriacao,dataedicao,version,contabloqueada,contaexpirada,contahabilitada,credencialexpirada,email,password,passwordhint,username,website,semprenovaaba) VALUES (1,LOCALTIMESTAMP,LOCALTIMESTAMP,0,false,false,true,false,'admin@admin.com','a40546cc4fd6a12572828bb803380888ad1bfdab','lembra_admin','admin','','true');
INSERT INTO seguranca_usuario (id,datacriacao,dataedicao,version,contabloqueada,contaexpirada,contahabilitada,credencialexpirada,email,password,passwordhint,username,website,semprenovaaba) VALUES (2,LOCALTIMESTAMP,LOCALTIMESTAMP,0,false,false,true,false,'consultor@consultor.com','4cd905e519b15f379abc745c44dc614d9c484b54','consultor','consultor','','true');

UPDATE seguranca_usuario SET orgao_id=1 WHERE id = 1;
UPDATE seguranca_usuario SET orgao_id=1 WHERE id = 2;

-- PRIVILEGIOS DE ACESSO
INSERT INTO seguranca_privilegio (version,nome,descricao,datacriacao,dataedicao) VALUES(0,'ROLE_ADMIN','ROLE_ADMIN',LOCALTIMESTAMP,LOCALTIMESTAMP);
INSERT INTO seguranca_privilegio (version,nome,descricao,datacriacao,dataedicao) VALUES(0,'ROLE_USER','ROLE_USER',LOCALTIMESTAMP,LOCALTIMESTAMP);
INSERT INTO seguranca_privilegio (version,nome,descricao,datacriacao,dataedicao) VALUES(0,'ROLE_USER','ROLE_USER',LOCALTIMESTAMP,LOCALTIMESTAMP);

-- ATRIBUI OS PRIVILEGIOS AO USUARIO
INSERT INTO seguranca_usuario_privilegio (version,usuario_id,privilegio_id,datacriacao,dataedicao) VALUES(0,1,1,LOCALTIMESTAMP,LOCALTIMESTAMP);
INSERT INTO seguranca_usuario_privilegio (version,usuario_id,privilegio_id,datacriacao,dataedicao) VALUES(0,1,2,LOCALTIMESTAMP,LOCALTIMESTAMP);
INSERT INTO seguranca_usuario_privilegio (version,usuario_id,privilegio_id,datacriacao,dataedicao) VALUES(0,2,2,LOCALTIMESTAMP,LOCALTIMESTAMP);

INSERT INTO orgaoitem(id, datacriacao, dataedicao, version, orgao_id, usuario_id) VALUES (1,LOCALTIMESTAMP,LOCALTIMESTAMP, 1, 1, 1);
INSERT INTO orgaoitem(id, datacriacao, dataedicao, version, orgao_id, usuario_id) VALUES (2,LOCALTIMESTAMP,LOCALTIMESTAMP, 1, 1, 2);

INSERT INTO classeparceiro (id,dominiotipoparceiro_id) VALUES (1,19);
INSERT INTO classeparceiro (id,dominiotipoparceiro_id) VALUES (2,17);
INSERT INTO classeparceiro (id,dominiotipoparceiro_id) VALUES (3,16);
INSERT INTO classeparceiro (id,dominiotipoparceiro_id) VALUES (4,18);
INSERT INTO classeparceiro (id,dominiotipoparceiro_id) VALUES (5,16);

INSERT INTO classificacaomaterial (id,datacriacao,dataedicao,version,codigo,descricao,classificacaomaterialparent_id,dominiotipoclassificacaomaterial_id,dominiotipomaterial_id) VALUES (1,LOCALTIMESTAMP,LOCALTIMESTAMP,0,'COD 01','Superior 1'	,NULL	,3,5);
INSERT INTO classificacaomaterial (id,datacriacao,dataedicao,version,codigo,descricao,classificacaomaterialparent_id,dominiotipoclassificacaomaterial_id,dominiotipomaterial_id) VALUES (2,LOCALTIMESTAMP,LOCALTIMESTAMP,0,'COD 02','Superior 2'	,NULL	,3,5);
INSERT INTO classificacaomaterial (id,datacriacao,dataedicao,version,codigo,descricao,classificacaomaterialparent_id,dominiotipoclassificacaomaterial_id,dominiotipomaterial_id) VALUES (3,LOCALTIMESTAMP,LOCALTIMESTAMP,0,'COD 03','Sub Grupo 21'	,2		,4,5);
INSERT INTO classificacaomaterial (id,datacriacao,dataedicao,version,codigo,descricao,classificacaomaterialparent_id,dominiotipoclassificacaomaterial_id,dominiotipomaterial_id) VALUES (4,LOCALTIMESTAMP,LOCALTIMESTAMP,0,'COD 04','Sub Grupo 12'	,1		,4,5);
INSERT INTO classificacaomaterial (id,datacriacao,dataedicao,version,codigo,descricao,classificacaomaterialparent_id,dominiotipoclassificacaomaterial_id,dominiotipomaterial_id) VALUES (5,LOCALTIMESTAMP,LOCALTIMESTAMP,0,'COD 05','MATERIAL 121'	,4		,36,5);
INSERT INTO classificacaomaterial (id,datacriacao,dataedicao,version,codigo,descricao,classificacaomaterialparent_id,dominiotipoclassificacaomaterial_id,dominiotipomaterial_id) VALUES (6,LOCALTIMESTAMP,LOCALTIMESTAMP,0,'COD 06','MATERIAL 122'	,4		,36,5);
INSERT INTO classificacaomaterial (id,datacriacao,dataedicao,version,codigo,descricao,classificacaomaterialparent_id,dominiotipoclassificacaomaterial_id,dominiotipomaterial_id) VALUES (7,LOCALTIMESTAMP,LOCALTIMESTAMP,0,'COD 07','DETALHE 1211'	,5		,37,5);

-- CONTA CONTABIL
INSERT INTO contacontabil (id,datacriacao,dataedicao,version,codigo,codigosistemaorigem,descricao,percentualnaodepreciavel,taxadepreciacaomensal,vidautil,autor_id,editor_id,inativador_id,dominiotipocontacontabil_id) VALUES (1,LOCALTIMESTAMP,LOCALTIMESTAMP,0,'123456','1111','MAQUINA E EQUIPAMENTOS DE NATUREZA INDUSTRIAL',30.00,10.00,180,1,1,NULL,99);
INSERT INTO contacontabil (id,datacriacao,dataedicao,version,codigo,codigosistemaorigem,descricao,percentualnaodepreciavel,taxadepreciacaomensal,vidautil,autor_id,editor_id,inativador_id,dominiotipocontacontabil_id) VALUES (2,LOCALTIMESTAMP,LOCALTIMESTAMP,0,'123000','1111','MAQUINA E EQUIPAMENTOS DE NATUREZA INDUSTRIAL',30.00,10.00,180,1,1,NULL,100);

INSERT INTO contacontabilconfiguracaoreferencia(id,datacriacao,dataedicao,version,apresentarelatoriomovimentacaobem,autor_id,editor_id,contacontabil_id,mesreferencia)VALUES(2,LOCALTIMESTAMP,LOCALTIMESTAMP,0,true,NULL,NULL,2,LOCALTIMESTAMP);

-- CONTA CONTABIL SALDO
INSERT INTO contacontabilsaldo(id,datacriacao,dataedicao,version,datareferencia,valor,autor_id,editor_id,contacontabil_id)VALUES(1,LOCALTIMESTAMP,LOCALTIMESTAMP,0,LOCALTIMESTAMP,0,1,1,1);
INSERT INTO contacontabilsaldo(id,datacriacao,dataedicao,version,datareferencia,valor,autor_id,editor_id,contacontabil_id)VALUES(2,LOCALTIMESTAMP,LOCALTIMESTAMP,0,LOCALTIMESTAMP,0,1,1,2);

-- VINCULA CONTA CONTABIL AO SALDO ANTERIOR
UPDATE contacontabil SET contacontabilsaldoanterior_id=1 WHERE id = 1;
UPDATE contacontabil SET contacontabilsaldoanterior_id=2 WHERE id = 2;

-- VINCULA CONTA CONTABIL ALMOXARIFADO A CONFIGURACAO 1 DA ESTRUTURA ORGAO 1
UPDATE configuracao SET contaContabilAlmoxarifado_id=1 WHERE id = 1;

INSERT INTO defaultfile (id,datacriacao,dataedicao,version,ativo,caminho,ordem,dominiodefaultfile_id) VALUES (1		,LOCALTIMESTAMP,LOCALTIMESTAMP,0,'S','assets/css/bootstrap.min.css'									,0	,1);
INSERT INTO defaultfile (id,datacriacao,dataedicao,version,ativo,caminho,ordem,dominiodefaultfile_id) VALUES (2		,LOCALTIMESTAMP,LOCALTIMESTAMP,0,'S','assets/css/font-awesome.min.css'								,1	,1);
INSERT INTO defaultfile (id,datacriacao,dataedicao,version,ativo,caminho,ordem,dominiodefaultfile_id) VALUES (3		,LOCALTIMESTAMP,LOCALTIMESTAMP,0,'S','assets/css/jquery-ui.custom.min.css'							,2	,1);
INSERT INTO defaultfile (id,datacriacao,dataedicao,version,ativo,caminho,ordem,dominiodefaultfile_id) VALUES (4		,LOCALTIMESTAMP,LOCALTIMESTAMP,0,'S','assets/css/chosen.css'										,3	,1);
INSERT INTO defaultfile (id,datacriacao,dataedicao,version,ativo,caminho,ordem,dominiodefaultfile_id) VALUES (5		,LOCALTIMESTAMP,LOCALTIMESTAMP,0,'S','assets/css/datepicker.css'									,4	,1);
INSERT INTO defaultfile (id,datacriacao,dataedicao,version,ativo,caminho,ordem,dominiodefaultfile_id) VALUES (6		,LOCALTIMESTAMP,LOCALTIMESTAMP,0,'S','assets/css/bootstrap-timepicker.css'							,5	,1);
INSERT INTO defaultfile (id,datacriacao,dataedicao,version,ativo,caminho,ordem,dominiodefaultfile_id) VALUES (7		,LOCALTIMESTAMP,LOCALTIMESTAMP,0,'S','assets/css/daterangepicker.css'								,6	,1);
INSERT INTO defaultfile (id,datacriacao,dataedicao,version,ativo,caminho,ordem,dominiodefaultfile_id) VALUES (8		,LOCALTIMESTAMP,LOCALTIMESTAMP,0,'S','assets/css/bootstrap-datetimepicker.css'						,7	,1);
INSERT INTO defaultfile (id,datacriacao,dataedicao,version,ativo,caminho,ordem,dominiodefaultfile_id) VALUES (9		,LOCALTIMESTAMP,LOCALTIMESTAMP,0,'S','assets/css/colorpicker.css'									,8	,1);
INSERT INTO defaultfile (id,datacriacao,dataedicao,version,ativo,caminho,ordem,dominiodefaultfile_id) VALUES (10	,LOCALTIMESTAMP,LOCALTIMESTAMP,0,'S','assets/css/angular-ui-tree.min.css'							,9	,1);
INSERT INTO defaultfile (id,datacriacao,dataedicao,version,ativo,caminho,ordem,dominiodefaultfile_id) VALUES (11	,LOCALTIMESTAMP,LOCALTIMESTAMP,0,'S','assets/css/jquery-ui.custom.min.css'							,10	,1);
INSERT INTO defaultfile (id,datacriacao,dataedicao,version,ativo,caminho,ordem,dominiodefaultfile_id) VALUES (12	,LOCALTIMESTAMP,LOCALTIMESTAMP,0,'S','assets/css/jquery.gritter.css'								,11	,1);
INSERT INTO defaultfile (id,datacriacao,dataedicao,version,ativo,caminho,ordem,dominiodefaultfile_id) VALUES (13	,LOCALTIMESTAMP,LOCALTIMESTAMP,0,'S','assets/css/ace-fonts.css'										,12	,1);
INSERT INTO defaultfile (id,datacriacao,dataedicao,version,ativo,caminho,ordem,dominiodefaultfile_id) VALUES (14	,LOCALTIMESTAMP,LOCALTIMESTAMP,0,'S','assets/css/ace.min.css'										,13	,1);
INSERT INTO defaultfile (id,datacriacao,dataedicao,version,ativo,caminho,ordem,dominiodefaultfile_id) VALUES (15	,LOCALTIMESTAMP,LOCALTIMESTAMP,0,'S','assets/css/ace-skins.min.css'									,14	,1);
INSERT INTO defaultfile (id,datacriacao,dataedicao,version,ativo,caminho,ordem,dominiodefaultfile_id) VALUES (16	,LOCALTIMESTAMP,LOCALTIMESTAMP,0,'S','assets/css/ace-rtl.min.css'									,15	,1);
INSERT INTO defaultfile (id,datacriacao,dataedicao,version,ativo,caminho,ordem,dominiodefaultfile_id) VALUES (17	,LOCALTIMESTAMP,LOCALTIMESTAMP,0,'S','assets/css/cit.css'											,16	,1);
INSERT INTO defaultfile (id,datacriacao,dataedicao,version,ativo,caminho,ordem,dominiodefaultfile_id) VALUES (18	,LOCALTIMESTAMP,LOCALTIMESTAMP,0,'S','assets/css/bootstrap-custom.css'								,17	,1);
INSERT INTO defaultfile (id,datacriacao,dataedicao,version,ativo,caminho,ordem,dominiodefaultfile_id) VALUES (19	,LOCALTIMESTAMP,LOCALTIMESTAMP,0,'S','assets/js/loading.js'											,18	,2);
INSERT INTO defaultfile (id,datacriacao,dataedicao,version,ativo,caminho,ordem,dominiodefaultfile_id) VALUES (20	,LOCALTIMESTAMP,LOCALTIMESTAMP,0,'S','assets/js-vendors/jquery/dist/jquery.js'						,19	,2);
INSERT INTO defaultfile (id,datacriacao,dataedicao,version,ativo,caminho,ordem,dominiodefaultfile_id) VALUES (21	,LOCALTIMESTAMP,LOCALTIMESTAMP,0,'S','assets/js/chosen.jquery.min.js'								,20	,2);
INSERT INTO defaultfile (id,datacriacao,dataedicao,version,ativo,caminho,ordem,dominiodefaultfile_id) VALUES (22	,LOCALTIMESTAMP,LOCALTIMESTAMP,0,'S','assets/js/fuelux/fuelux.spinner.min.js'						,21	,2);
INSERT INTO defaultfile (id,datacriacao,dataedicao,version,ativo,caminho,ordem,dominiodefaultfile_id) VALUES (23	,LOCALTIMESTAMP,LOCALTIMESTAMP,0,'S','assets/js/date-time/bootstrap-datepicker.min.js'				,22	,2);
INSERT INTO defaultfile (id,datacriacao,dataedicao,version,ativo,caminho,ordem,dominiodefaultfile_id) VALUES (24	,LOCALTIMESTAMP,LOCALTIMESTAMP,0,'S','assets/js/jquery.maskedinput.min.js'							,23	,2);
INSERT INTO defaultfile (id,datacriacao,dataedicao,version,ativo,caminho,ordem,dominiodefaultfile_id) VALUES (25	,LOCALTIMESTAMP,LOCALTIMESTAMP,0,'S','assets/js/jquery.nestable.min.js'								,24	,2);
INSERT INTO defaultfile (id,datacriacao,dataedicao,version,ativo,caminho,ordem,dominiodefaultfile_id) VALUES (26	,LOCALTIMESTAMP,LOCALTIMESTAMP,0,'S','assets/js-vendors/typeahead-bs2.min.js'						,25	,2);
INSERT INTO defaultfile (id,datacriacao,dataedicao,version,ativo,caminho,ordem,dominiodefaultfile_id) VALUES (27	,LOCALTIMESTAMP,LOCALTIMESTAMP,0,'S','assets/js/jquery.gritter.min.js'								,26	,2);
INSERT INTO defaultfile (id,datacriacao,dataedicao,version,ativo,caminho,ordem,dominiodefaultfile_id) VALUES (28	,LOCALTIMESTAMP,LOCALTIMESTAMP,0,'S','assets/js/bootbox.min.js'										,27	,2);
INSERT INTO defaultfile (id,datacriacao,dataedicao,version,ativo,caminho,ordem,dominiodefaultfile_id) VALUES (29	,LOCALTIMESTAMP,LOCALTIMESTAMP,0,'S','assets/js/bootstrap-colorpicker.min.js'						,28	,2);
INSERT INTO defaultfile (id,datacriacao,dataedicao,version,ativo,caminho,ordem,dominiodefaultfile_id) VALUES (30	,LOCALTIMESTAMP,LOCALTIMESTAMP,0,'S','assets/js/angular/directive/passwordCheckDirective.js'		,49	,2);
INSERT INTO defaultfile (id,datacriacao,dataedicao,version,ativo,caminho,ordem,dominiodefaultfile_id) VALUES (31	,LOCALTIMESTAMP,LOCALTIMESTAMP,0,'S','assets/js/angular/directive/onBlurChangeDirective.js'			,51	,2);
INSERT INTO defaultfile (id,datacriacao,dataedicao,version,ativo,caminho,ordem,dominiodefaultfile_id) VALUES (32	,LOCALTIMESTAMP,LOCALTIMESTAMP,0,'S','assets/js/angular/directive/MoneyDirective.js'				,52	,2);
INSERT INTO defaultfile (id,datacriacao,dataedicao,version,ativo,caminho,ordem,dominiodefaultfile_id) VALUES (33	,LOCALTIMESTAMP,LOCALTIMESTAMP,0,'S','assets/js/angular/directive/IntegerDirective.js'				,53	,2);
INSERT INTO defaultfile (id,datacriacao,dataedicao,version,ativo,caminho,ordem,dominiodefaultfile_id) VALUES (34	,LOCALTIMESTAMP,LOCALTIMESTAMP,0,'S','assets/js/ace-elements.min.js'								,28	,2);
INSERT INTO defaultfile (id,datacriacao,dataedicao,version,ativo,caminho,ordem,dominiodefaultfile_id) VALUES (35	,LOCALTIMESTAMP,LOCALTIMESTAMP,0,'S','assets/js/ace.min.js'											,29	,2);
INSERT INTO defaultfile (id,datacriacao,dataedicao,version,ativo,caminho,ordem,dominiodefaultfile_id) VALUES (36	,LOCALTIMESTAMP,LOCALTIMESTAMP,0,'S','angular-1.3.0/angular.min.js'									,30	,2);
INSERT INTO defaultfile (id,datacriacao,dataedicao,version,ativo,caminho,ordem,dominiodefaultfile_id) VALUES (37	,LOCALTIMESTAMP,LOCALTIMESTAMP,0,'S','angular-1.3.0/i18n/angular-locale_pt-br.js'					,31	,2);
INSERT INTO defaultfile (id,datacriacao,dataedicao,version,ativo,caminho,ordem,dominiodefaultfile_id) VALUES (38	,LOCALTIMESTAMP,LOCALTIMESTAMP,0,'S','angular-1.3.0/angular-cookies.min.js'							,32	,2);
INSERT INTO defaultfile (id,datacriacao,dataedicao,version,ativo,caminho,ordem,dominiodefaultfile_id) VALUES (39	,LOCALTIMESTAMP,LOCALTIMESTAMP,0,'S','angular-1.3.0/angular-route.min.js'							,33	,2);
INSERT INTO defaultfile (id,datacriacao,dataedicao,version,ativo,caminho,ordem,dominiodefaultfile_id) VALUES (40	,LOCALTIMESTAMP,LOCALTIMESTAMP,0,'S','angular-1.3.0/angular-sanitize.min.js'						,34	,2);
INSERT INTO defaultfile (id,datacriacao,dataedicao,version,ativo,caminho,ordem,dominiodefaultfile_id) VALUES (41	,LOCALTIMESTAMP,LOCALTIMESTAMP,0,'S','angular-1.3.0/angular-lazy-tree.js'							,35	,2);
INSERT INTO defaultfile (id,datacriacao,dataedicao,version,ativo,caminho,ordem,dominiodefaultfile_id) VALUES (42	,LOCALTIMESTAMP,LOCALTIMESTAMP,0,'S','angular-1.3.0/angular-ui-tree.min.js'							,36	,2);
INSERT INTO defaultfile (id,datacriacao,dataedicao,version,ativo,caminho,ordem,dominiodefaultfile_id) VALUES (43	,LOCALTIMESTAMP,LOCALTIMESTAMP,0,'S','angular-1.3.0/angular-filter.min.js'							,37	,2);
INSERT INTO defaultfile (id,datacriacao,dataedicao,version,ativo,caminho,ordem,dominiodefaultfile_id) VALUES (44	,LOCALTIMESTAMP,LOCALTIMESTAMP,0,'S','angular-translate/angular-translate.js'						,38	,2);
INSERT INTO defaultfile (id,datacriacao,dataedicao,version,ativo,caminho,ordem,dominiodefaultfile_id) VALUES (45	,LOCALTIMESTAMP,LOCALTIMESTAMP,0,'S','angular-translate/angular-translate-storage-cookie.js'		,39	,2);
INSERT INTO defaultfile (id,datacriacao,dataedicao,version,ativo,caminho,ordem,dominiodefaultfile_id) VALUES (46	,LOCALTIMESTAMP,LOCALTIMESTAMP,0,'S','angular-translate/angular-translate-loader-partial.min.js'	,40	,2);
INSERT INTO defaultfile (id,datacriacao,dataedicao,version,ativo,caminho,ordem,dominiodefaultfile_id) VALUES (47	,LOCALTIMESTAMP,LOCALTIMESTAMP,0,'S','assets/js-vendors/jquery.price_format.1.8.min.js'				,41	,2);
INSERT INTO defaultfile (id,datacriacao,dataedicao,version,ativo,caminho,ordem,dominiodefaultfile_id) VALUES (48	,LOCALTIMESTAMP,LOCALTIMESTAMP,0,'S','assets/js-vendors/bootstrap/dist/js/bootstrap.js'				,42	,2);
INSERT INTO defaultfile (id,datacriacao,dataedicao,version,ativo,caminho,ordem,dominiodefaultfile_id) VALUES (49	,LOCALTIMESTAMP,LOCALTIMESTAMP,0,'S','assets/js-vendors/underscore/underscore.js'					,43	,2);
INSERT INTO defaultfile (id,datacriacao,dataedicao,version,ativo,caminho,ordem,dominiodefaultfile_id) VALUES (50	,LOCALTIMESTAMP,LOCALTIMESTAMP,0,'S','assets/js/angular/restangular.min.js'							,44	,2);
INSERT INTO defaultfile (id,datacriacao,dataedicao,version,ativo,caminho,ordem,dominiodefaultfile_id) VALUES (51	,LOCALTIMESTAMP,LOCALTIMESTAMP,0,'S','assets/js/angular/ui-bootstrap-tpls-0.11.2.min.js'			,45	,2);
INSERT INTO defaultfile (id,datacriacao,dataedicao,version,ativo,caminho,ordem,dominiodefaultfile_id) VALUES (52	,LOCALTIMESTAMP,LOCALTIMESTAMP,0,'S','assets/js/angular/ui-utils.js'								,46	,2);
INSERT INTO defaultfile (id,datacriacao,dataedicao,version,ativo,caminho,ordem,dominiodefaultfile_id) VALUES (53	,LOCALTIMESTAMP,LOCALTIMESTAMP,0,'S','assets/js/angular/directive/lodash.min.js'					,46	,2);
INSERT INTO defaultfile (id,datacriacao,dataedicao,version,ativo,caminho,ordem,dominiodefaultfile_id) VALUES (54	,LOCALTIMESTAMP,LOCALTIMESTAMP,0,'S','assets/js/angular/directive/angular-google-maps.min.js'		,46	,2);
INSERT INTO defaultfile (id,datacriacao,dataedicao,version,ativo,caminho,ordem,dominiodefaultfile_id) VALUES (55	,LOCALTIMESTAMP,LOCALTIMESTAMP,0,'S','//maps.googleapis.com/maps/api/js?sensor=false'				,46	,2);
INSERT INTO defaultfile (id,datacriacao,dataedicao,version,ativo,caminho,ordem,dominiodefaultfile_id) VALUES (56	,LOCALTIMESTAMP,LOCALTIMESTAMP,0,'S','assets/js/angular/angular-file-upload.js'						,47	,2);
INSERT INTO defaultfile (id,datacriacao,dataedicao,version,ativo,caminho,ordem,dominiodefaultfile_id) VALUES (57	,LOCALTIMESTAMP,LOCALTIMESTAMP,0,'S','assets/js/angular/app.js'										,49	,2);
INSERT INTO defaultfile (id,datacriacao,dataedicao,version,ativo,caminho,ordem,dominiodefaultfile_id) VALUES (58	,LOCALTIMESTAMP,LOCALTIMESTAMP,0,'S','assets/js/angular/controller/AppController.js'				,50	,2);
INSERT INTO defaultfile (id,datacriacao,dataedicao,version,ativo,caminho,ordem,dominiodefaultfile_id) VALUES (59	,LOCALTIMESTAMP,LOCALTIMESTAMP,0,'S','assets/js/angular/directive/onEnterBlurDirective.js'			,51	,2);
INSERT INTO defaultfile (id,datacriacao,dataedicao,version,ativo,caminho,ordem,dominiodefaultfile_id) VALUES (60	,LOCALTIMESTAMP,LOCALTIMESTAMP,0,'S','assets/js/angular/directive/DateDirective.js'					,54	,2);
INSERT INTO defaultfile (id,datacriacao,dataedicao,version,ativo,caminho,ordem,dominiodefaultfile_id) VALUES (61	,LOCALTIMESTAMP,LOCALTIMESTAMP,0,'S','assets/js/angular/directive/sortByDirective.js'				,55	,2);
INSERT INTO defaultfile (id,datacriacao,dataedicao,version,ativo,caminho,ordem,dominiodefaultfile_id) VALUES (62	,LOCALTIMESTAMP,LOCALTIMESTAMP,0,'S','assets/js/angular/directive/FiltroDirective.js'				,52	,2);
INSERT INTO defaultfile (id,datacriacao,dataedicao,version,ativo,caminho,ordem,dominiodefaultfile_id) VALUES (63	,LOCALTIMESTAMP,LOCALTIMESTAMP,0,'S','assets/js/angular/directive/DialogDirective.js'				,57	,2);
INSERT INTO defaultfile (id,datacriacao,dataedicao,version,ativo,caminho,ordem,dominiodefaultfile_id) VALUES (64	,LOCALTIMESTAMP,LOCALTIMESTAMP,0,'S','assets/js/angular/directive/FavoritoDirective.js'				,58	,2);
INSERT INTO defaultfile (id,datacriacao,dataedicao,version,ativo,caminho,ordem,dominiodefaultfile_id) VALUES (65	,LOCALTIMESTAMP,LOCALTIMESTAMP,0,'S','assets/js/angular/directive/LabelInputDirective.js'			,59	,2);
INSERT INTO defaultfile (id,datacriacao,dataedicao,version,ativo,caminho,ordem,dominiodefaultfile_id) VALUES (66	,LOCALTIMESTAMP,LOCALTIMESTAMP,0,'S','assets/js/angular/directive/LabelInputDataDirective.js'		,60	,2);
INSERT INTO defaultfile (id,datacriacao,dataedicao,version,ativo,caminho,ordem,dominiodefaultfile_id) VALUES (67	,LOCALTIMESTAMP,LOCALTIMESTAMP,0,'S','assets/js/angular/directive/LabelInputMoneyDirective.js'		,61	,2);
INSERT INTO defaultfile (id,datacriacao,dataedicao,version,ativo,caminho,ordem,dominiodefaultfile_id) VALUES (68	,LOCALTIMESTAMP,LOCALTIMESTAMP,0,'S','assets/js/angular/directive/LabelInputRadioDirective.js'		,62	,2);
INSERT INTO defaultfile (id,datacriacao,dataedicao,version,ativo,caminho,ordem,dominiodefaultfile_id) VALUES (69	,LOCALTIMESTAMP,LOCALTIMESTAMP,0,'S','assets/js/angular/directive/TelefoneDirective.js'				,63	,2);
INSERT INTO defaultfile (id,datacriacao,dataedicao,version,ativo,caminho,ordem,dominiodefaultfile_id) VALUES (70	,LOCALTIMESTAMP,LOCALTIMESTAMP,0,'S','assets/js/angular/directive/EnderecoDirective.js'				,64	,2);
INSERT INTO defaultfile (id,datacriacao,dataedicao,version,ativo,caminho,ordem,dominiodefaultfile_id) VALUES (71	,LOCALTIMESTAMP,LOCALTIMESTAMP,0,'S','assets/js/angular/directive/AutoCompleteDirective.js'			,65	,2);
INSERT INTO defaultfile (id,datacriacao,dataedicao,version,ativo,caminho,ordem,dominiodefaultfile_id) VALUES (72	,LOCALTIMESTAMP,LOCALTIMESTAMP,0,'S','assets/js/angular/repository/AbstractRepository.js'			,66	,2);
INSERT INTO defaultfile (id,datacriacao,dataedicao,version,ativo,caminho,ordem,dominiodefaultfile_id) VALUES (73	,LOCALTIMESTAMP,LOCALTIMESTAMP,0,'S','assets/js/angular/repository/DominioRepository.js'			,67	,2);
INSERT INTO defaultfile (id,datacriacao,dataedicao,version,ativo,caminho,ordem,dominiodefaultfile_id) VALUES (74	,LOCALTIMESTAMP,LOCALTIMESTAMP,0,'S','assets/js/angular/repository/EnderecoRepository.js'			,68	,2);
INSERT INTO defaultfile (id,datacriacao,dataedicao,version,ativo,caminho,ordem,dominiodefaultfile_id) VALUES (75	,LOCALTIMESTAMP,LOCALTIMESTAMP,0,'S','assets/js/angular/repository/ParceiroRepository.js'			,69	,2);
INSERT INTO defaultfile (id,datacriacao,dataedicao,version,ativo,caminho,ordem,dominiodefaultfile_id) VALUES (76	,LOCALTIMESTAMP,LOCALTIMESTAMP,0,'S','assets/js/angular/directive/LabelTextAreaDirective.js'		,70	,2);
INSERT INTO defaultfile (id,datacriacao,dataedicao,version,ativo,caminho,ordem,dominiodefaultfile_id) VALUES (77	,LOCALTIMESTAMP,LOCALTIMESTAMP,0,'S','assets/js/functions.js'										,71	,2);
INSERT INTO defaultfile (id,datacriacao,dataedicao,version,ativo,caminho,ordem,dominiodefaultfile_id) VALUES (78	,LOCALTIMESTAMP,LOCALTIMESTAMP,0,'S','assets/js/angular/directive/EnderecoUnicoDirective.js'		,72	,2);
INSERT INTO defaultfile (id,datacriacao,dataedicao,version,ativo,caminho,ordem,dominiodefaultfile_id) VALUES (79	,LOCALTIMESTAMP,LOCALTIMESTAMP,0,'S','assets/js/angular/filter/filter.js'							,73	,2);

INSERT INTO caracteristica (id,datacriacao,dataedicao,version,chavedominio,codigo,descricao,expressaoregular,tamanho,autor_id,editor_id,inativador_id,dominiotipodado_id,dominiotiporestricao_id) VALUES (1,LOCALTIMESTAMP,LOCALTIMESTAMP,0,'tipoRestricao','1','CARACTERE'		,'*',30		,1,1,NULL,12,9);
INSERT INTO caracteristica (id,datacriacao,dataedicao,version,chavedominio,codigo,descricao,expressaoregular,tamanho,autor_id,editor_id,inativador_id,dominiotipodado_id,dominiotiporestricao_id) VALUES (2,LOCALTIMESTAMP,LOCALTIMESTAMP,0,'tipoRestricao','1','TEXT_AREA'		,'*',300	,1,1,NULL,13,9);
INSERT INTO caracteristica (id,datacriacao,dataedicao,version,chavedominio,codigo,descricao,expressaoregular,tamanho,autor_id,editor_id,inativador_id,dominiotipodado_id,dominiotiporestricao_id) VALUES (3,LOCALTIMESTAMP,LOCALTIMESTAMP,0,'tipoRestricao','1','NUMBER'		,'*',NULL	,1,1,NULL,14,9);
INSERT INTO caracteristica (id,datacriacao,dataedicao,version,chavedominio,codigo,descricao,expressaoregular,tamanho,autor_id,editor_id,inativador_id,dominiotipodado_id,dominiotiporestricao_id) VALUES (4,LOCALTIMESTAMP,LOCALTIMESTAMP,0,'tipoRestricao','1','DECIMAL'		,'*',NULL	,1,1,NULL,15,9);
INSERT INTO caracteristica (id,datacriacao,dataedicao,version,chavedominio,codigo,descricao,expressaoregular,tamanho,autor_id,editor_id,inativador_id,dominiotipodado_id,dominiotiporestricao_id) VALUES (5,LOCALTIMESTAMP,LOCALTIMESTAMP,0,'tipoRestricao','1','DATA'			,'*',10		,1,1,NULL,55,9);
INSERT INTO caracteristica (id,datacriacao,dataedicao,version,chavedominio,codigo,descricao,expressaoregular,tamanho,autor_id,editor_id,inativador_id,dominiotipodado_id,dominiotiporestricao_id) VALUES (6,LOCALTIMESTAMP,LOCALTIMESTAMP,0,'tipoRestricao','1','TIPO_DOMINIO'	,'*',NULL	,1,1,NULL,56,9);
INSERT INTO caracteristica (id,datacriacao,dataedicao,version,chavedominio,codigo,descricao,expressaoregular,tamanho,autor_id,editor_id,inativador_id,dominiotipodado_id,dominiotiporestricao_id) VALUES (7,LOCALTIMESTAMP,LOCALTIMESTAMP,0,'tipoRestricao','1','ARQUIVO'		,'*',5		,1,1,NULL,57,9);

-- ESTRUTURA ORGANIZACIONAL FILHAS ORGAO
INSERT INTO estruturaorganizacional(id,classificacao,datainicio,possuibempatrimonial,dominiotipoestruturaorganizacional_id,localizacao_id,mapaorganizacional_id,orgao_id,codigo,almoxarifado,estruturaOrganizacionalParent_id)VALUES(2,'classificação1.2',LOCALTIMESTAMP,true,43,1,1,1,457,true,1);
	
-- CONFIGURAÇÃO ALMOXARIFADO
INSERT INTO configuracaoalmoxarifado(id,datacriacao,dataedicao,version,configuracao_id,estruturaOrganizacional_id)VALUES(1,LOCALTIMESTAMP,LOCALTIMESTAMP,0,1,3);

INSERT INTO funcao (id,datacriacao,dataedicao,version,nome) VALUES (1,LOCALTIMESTAMP,LOCALTIMESTAMP,0,'Analista de Sistemas I');
INSERT INTO funcao (id,datacriacao,dataedicao,version,nome) VALUES (2,LOCALTIMESTAMP,LOCALTIMESTAMP,0,'Analista de Sistemas II');
INSERT INTO funcao (id,datacriacao,dataedicao,version,nome) VALUES (3,LOCALTIMESTAMP,LOCALTIMESTAMP,0,'Gestor');

INSERT INTO pagina (id,nome,pagina) VALUES (1	,'Home'								,'/cit-portal-web/html/home/home.html');
INSERT INTO pagina (id,nome,pagina) VALUES (2	,'Menu'								,'/cit-portal-web/html/menu/menu.html');
INSERT INTO pagina (id,nome,pagina) VALUES (3	,'Default Template'					,'/cit-portal-web/html/defaultTemplate/defaultTemplate.html');
INSERT INTO pagina (id,nome,pagina) VALUES (4	,'Usuário'							,'/cit-portal-web/html/usuario/usuario.html');
INSERT INTO pagina (id,nome,pagina) VALUES (5	,'Notificação'						,'/cit-portal-web/html/notificacao/notificacao.html');
INSERT INTO pagina (id,nome,pagina) VALUES (6	,'País'								,'/citgrp-patrimonio-web/html/pais/pais.html');
INSERT INTO pagina (id,nome,pagina) VALUES (7	,'Estado'							,'/citgrp-patrimonio-web/html/estado/estado.html');
INSERT INTO pagina (id,nome,pagina) VALUES (8	,'Arquivos padrão'					,'/cit-portal-web/html/defaultFile/defaultFile.html');
--INSERT INTO pagina (id,nome,pagina) VALUES (9	,'Órgão'							,'/citgrp-patrimonio-web/html/orgao/orgao.html');
INSERT INTO pagina (id,nome,pagina) VALUES (10	,'Dominio'							,'/cit-portal-web/html/dominio/dominio.html');
INSERT INTO pagina (id,nome,pagina) VALUES (11	,'Mapa organizacional'				,'/citgrp-patrimonio-web/html/mapaOrganizacional/mapaOrganizacional.html');
INSERT INTO pagina (id,nome,pagina) VALUES (12	,'Classificação de Materiais'		,'/citgrp-patrimonio-web/html/classificacaoMaterial/classificacaoMaterial.html');
INSERT INTO pagina (id,nome,pagina) VALUES (13	,'Entrada de Bens'					,'/citgrp-patrimonio-web/html/entrada/entrada.html');
INSERT INTO pagina (id,nome,pagina) VALUES (14	,'Material'							,'/citgrp-patrimonio-web/html/material/material.html');
INSERT INTO pagina (id,nome,pagina) VALUES (15	,'Característica'					,'/citgrp-patrimonio-web/html/caracteristica/caracteristica.html');
INSERT INTO pagina (id,nome,pagina) VALUES (16	,'Transferência Interna'			,'/citgrp-patrimonio-web/html/transferencia/transferencia.html');
INSERT INTO pagina (id,nome,pagina) VALUES (17	,'Mapa'								,'/cit-portal-web/html/mapa/mapa.html');
INSERT INTO pagina (id,nome,pagina) VALUES (18	,'Estrutura Organizacional'			,'/citgrp-patrimonio-web/html/estruturaOrganizacional/estruturaOrganizacional.html');
INSERT INTO pagina (id,nome,pagina) VALUES (19	,'Pessoa'							,'/citgrp-patrimonio-web/html/pessoa/pessoa.html');
INSERT INTO pagina (id,nome,pagina) VALUES (20	,'Localização'						,'/citgrp-patrimonio-web/html/localizacao/localizacao.html');
INSERT INTO pagina (id,nome,pagina) VALUES (21	,'Adição a bem principal'			,'/citgrp-patrimonio-web/html/adicaoBemPrincipal/adicaoBemPrincipal.html');
INSERT INTO pagina (id,nome,pagina) VALUES (22	,'Região'							,'/citgrp-patrimonio-web/html/regiao/regiao.html');
INSERT INTO pagina (id,nome,pagina) VALUES (23	,'Cidade'							,'/citgrp-patrimonio-web/html/cidade/cidade.html');
INSERT INTO pagina (id,nome,pagina) VALUES (24	,'Bairro'							,'/citgrp-patrimonio-web/html/bairro/bairro.html');
INSERT INTO pagina (id,nome,pagina) VALUES (25	,'Endereço'							,'/citgrp-patrimonio-web/html/endereco/endereco.html');
--INSERT INTO pagina (id,nome,pagina) VALUES (26	,'Comissão de Inventário'			,'/citgrp-patrimonio-web/html/inventarioComissao/inventarioComissao.html');
INSERT INTO pagina (id,nome,pagina) VALUES (27	,'Definir Dententor'				,'/citgrp-patrimonio-web/html/definicaoDetentor/definicaoDetentor.html');
INSERT INTO pagina (id,nome,pagina) VALUES (28	,'Baixa de bens'					,'/citgrp-patrimonio-web/html/baixa/baixa.html');
INSERT INTO pagina (id,nome,pagina) VALUES (29	,'Saída Temporária'					,'/citgrp-patrimonio-web/html/saidaTemporaria/saidaTemporaria.html');
INSERT INTO pagina (id,nome,pagina) VALUES (30	,'Conta Contábil'					,'/citgrp-patrimonio-web/html/contaContabil/contaContabil.html');
INSERT INTO pagina (id,nome,pagina) VALUES (31	,'Fechamento do Mês de Referência'	,'/citgrp-patrimonio-web/html/orgao/fechamentoMes.html');
INSERT INTO pagina (id,nome,pagina) VALUES (32	,'Alteração Bem Patrimonial'		,'/citgrp-patrimonio-web/html/alteracaoBemPatrimonial/alterarBemPatrimonialEdit.html');
INSERT INTO pagina (id,nome,pagina) VALUES (33	,'Depreciações'						,'/citgrp-patrimonio-web/html/depreciacao/depreciacao.html');
INSERT INTO pagina (id,nome,pagina) VALUES (34	,'Termo de Responsabilidade'		,'/citgrp-patrimonio-web/html/termoResponsabilidade/termoResponsabilidade.html');
INSERT INTO pagina (id,nome,pagina) VALUES (35	,'Movimento de Conta Contábil'		,'/citgrp-patrimonio-web/html/contaContabilMovimento/contaContabilMovimento.html');
INSERT INTO pagina (id,nome,pagina) VALUES (36	,'Access Roles'						,'/cit-portal-web/html/accessRole/accessRole.html');
INSERT INTO pagina (id,nome,pagina) VALUES (37	,'Histórico bem patrimonial'		,'/citgrp-patrimonio-web/html/historicoBemPatrimonial/historicoBemPatrimonial.html');
INSERT INTO pagina (id,nome,pagina) VALUES (38	,'Configuração do Sistema'			,'/cit-portal-web/html/configuracaoSistema/configuracaoSistema.html');

INSERT INTO menu (id,datacriacao,dataedicao,version,ativo,classepagina,cor,nome,ordem,pagina_id,parent_id) VALUES (1	,LOCALTIMESTAMP,LOCALTIMESTAMP,0,'S'	,NULL			,NULL		,'Dashboard'						,0	,1		,NULL);
INSERT INTO menu (id,datacriacao,dataedicao,version,ativo,classepagina,cor,nome,ordem,pagina_id,parent_id) VALUES (2	,LOCALTIMESTAMP,LOCALTIMESTAMP,0,'S'	,'mod-blue'		,'#62a0d2'	,'Administração'					,0	,NULL	,NULL);
INSERT INTO menu (id,datacriacao,dataedicao,version,ativo,classepagina,cor,nome,ordem,pagina_id,parent_id) VALUES (3	,LOCALTIMESTAMP,LOCALTIMESTAMP,0,'S'	,'mod-green'	,'#88b67f'	,'Patrimônio'						,0	,NULL	,NULL);
INSERT INTO menu (id,datacriacao,dataedicao,version,ativo,classepagina,cor,nome,ordem,pagina_id,parent_id) VALUES (4	,LOCALTIMESTAMP,LOCALTIMESTAMP,0,'S'	,NULL			,'#b7b87d'	,'Sistemas Interno'					,0	,NULL	,NULL);
--INSERT INTO menu (id,datacriacao,dataedicao,version,ativo,classepagina,cor,nome,ordem,pagina_id,parent_id) VALUES (6	,LOCALTIMESTAMP,LOCALTIMESTAMP,0,'N'	,'mod-blue'		,NULL		,'Template padrão'					,0	,3		,2);
INSERT INTO menu (id,datacriacao,dataedicao,version,ativo,classepagina,cor,nome,ordem,pagina_id,parent_id) VALUES (5	,LOCALTIMESTAMP,LOCALTIMESTAMP,0,'S'	,'mod-blue'		,NULL		,'Menu'								,0	,2		,2);
INSERT INTO menu (id,datacriacao,dataedicao,version,ativo,classepagina,cor,nome,ordem,pagina_id,parent_id) VALUES (7	,LOCALTIMESTAMP,LOCALTIMESTAMP,0,'S'	,'mod-blue'		,NULL		,'Usuario'							,0	,4		,2);
INSERT INTO menu (id,datacriacao,dataedicao,version,ativo,classepagina,cor,nome,ordem,pagina_id,parent_id) VALUES (8	,LOCALTIMESTAMP,LOCALTIMESTAMP,0,'S'	,'mod-blue'		,NULL		,'Notificações'						,0	,5		,2);
INSERT INTO menu (id,datacriacao,dataedicao,version,ativo,classepagina,cor,nome,ordem,pagina_id,parent_id) VALUES (9	,LOCALTIMESTAMP,LOCALTIMESTAMP,0,'S'	,'mod-green'	,NULL		,'Pais'								,0	,6		,3);
INSERT INTO menu (id,datacriacao,dataedicao,version,ativo,classepagina,cor,nome,ordem,pagina_id,parent_id) VALUES (10	,LOCALTIMESTAMP,LOCALTIMESTAMP,0,'S'	,'mod-green'	,NULL		,'Estado'							,0	,7		,3);
INSERT INTO menu (id,datacriacao,dataedicao,version,ativo,classepagina,cor,nome,ordem,pagina_id,parent_id) VALUES (11	,LOCALTIMESTAMP,LOCALTIMESTAMP,0,'S'	,'mod-blue'		,NULL		,'Arquivos padrão'					,0	,8		,2);
--INSERT INTO menu (id,datacriacao,dataedicao,version,ativo,classepagina,cor,nome,ordem,pagina_id,parent_id) VALUES (12	,LOCALTIMESTAMP,LOCALTIMESTAMP,0,'S'	,'mod-green'	,NULL		,'Órgão'							,0	,9		,3);
INSERT INTO menu (id,datacriacao,dataedicao,version,ativo,classepagina,cor,nome,ordem,pagina_id,parent_id) VALUES (13	,LOCALTIMESTAMP,LOCALTIMESTAMP,0,'S'	,'mod-blue'		,NULL		,'Dominio'							,0	,10		,2);
INSERT INTO menu (id,datacriacao,dataedicao,version,ativo,classepagina,cor,nome,ordem,pagina_id,parent_id) VALUES (14	,LOCALTIMESTAMP,LOCALTIMESTAMP,0,'S'	,'mod-green'	,NULL		,'Mapa organizacional'				,0	,11		,3);
INSERT INTO menu (id,datacriacao,dataedicao,version,ativo,classepagina,cor,nome,ordem,pagina_id,parent_id) VALUES (15	,LOCALTIMESTAMP,LOCALTIMESTAMP,0,'S'	,'mod-green'	,NULL		,'Classificação de Materiais'		,0	,12		,3);
INSERT INTO menu (id,datacriacao,dataedicao,version,ativo,classepagina,cor,nome,ordem,pagina_id,parent_id) VALUES (16	,LOCALTIMESTAMP,LOCALTIMESTAMP,0,'S'	,'mod-green'	,NULL		,'Entrada de Bens'					,0	,13		,3);
INSERT INTO menu (id,datacriacao,dataedicao,version,ativo,classepagina,cor,nome,ordem,pagina_id,parent_id) VALUES (17	,LOCALTIMESTAMP,LOCALTIMESTAMP,0,'S'	,'mod-green'	,NULL		,'Material'							,0	,14		,3);
INSERT INTO menu (id,datacriacao,dataedicao,version,ativo,classepagina,cor,nome,ordem,pagina_id,parent_id) VALUES (18	,LOCALTIMESTAMP,LOCALTIMESTAMP,0,'S'	,'mod-green'	,NULL		,'Característica'					,0	,15		,3);
INSERT INTO menu (id,datacriacao,dataedicao,version,ativo,classepagina,cor,nome,ordem,pagina_id,parent_id) VALUES (19	,LOCALTIMESTAMP,LOCALTIMESTAMP,0,'S'	,'mod-green'	,NULL		,'Transferência Interna'			,0	,16		,3);
--INSERT INTO menu (id,datacriacao,dataedicao,version,ativo,classepagina,cor,nome,ordem,pagina_id,parent_id) VALUES (20	,LOCALTIMESTAMP,LOCALTIMESTAMP,0,'N'	,'mod-blue'		,NULL		,'Mapa'								,0	,17		,2);
INSERT INTO menu (id,datacriacao,dataedicao,version,ativo,classepagina,cor,nome,ordem,pagina_id,parent_id) VALUES (21	,LOCALTIMESTAMP,LOCALTIMESTAMP,0,'S'	,'mod-green'	,NULL		,'Estruturas Organizacionais'		,0	,18		,3);
INSERT INTO menu (id,datacriacao,dataedicao,version,ativo,classepagina,cor,nome,ordem,pagina_id,parent_id) VALUES (22	,LOCALTIMESTAMP,LOCALTIMESTAMP,0,'S'	,'mod-green'	,NULL		,'Pessoa'							,0	,19		,3);
INSERT INTO menu (id,datacriacao,dataedicao,version,ativo,classepagina,cor,nome,ordem,pagina_id,parent_id) VALUES (23	,LOCALTIMESTAMP,LOCALTIMESTAMP,0,'S'	,'mod-green'	,NULL		,'Localização'						,0	,20		,3);
INSERT INTO menu (id,datacriacao,dataedicao,version,ativo,classepagina,cor,nome,ordem,pagina_id,parent_id) VALUES (24	,LOCALTIMESTAMP,LOCALTIMESTAMP,0,'S'	,'mod-green'	,NULL		,'Adição a bem principal'			,0	,21		,3);
INSERT INTO menu (id,datacriacao,dataedicao,version,ativo,classepagina,cor,nome,ordem,pagina_id,parent_id) VALUES (25	,LOCALTIMESTAMP,LOCALTIMESTAMP,0,'S'	,'mod-green'	,NULL		,'Região'							,0	,22		,3);
INSERT INTO menu (id,datacriacao,dataedicao,version,ativo,classepagina,cor,nome,ordem,pagina_id,parent_id) VALUES (26	,LOCALTIMESTAMP,LOCALTIMESTAMP,0,'S'	,'mod-green'	,NULL		,'Cidade'							,0	,23		,3);
INSERT INTO menu (id,datacriacao,dataedicao,version,ativo,classepagina,cor,nome,ordem,pagina_id,parent_id) VALUES (27	,LOCALTIMESTAMP,LOCALTIMESTAMP,0,'S'	,'mod-green'	,NULL		,'Bairro'							,0	,24		,3);
INSERT INTO menu (id,datacriacao,dataedicao,version,ativo,classepagina,cor,nome,ordem,pagina_id,parent_id) VALUES (28	,LOCALTIMESTAMP,LOCALTIMESTAMP,0,'S'	,'mod-green'	,NULL		,'Endereço'							,0	,25		,3);
--INSERT INTO menu (id,datacriacao,dataedicao,version,ativo,classepagina,cor,nome,ordem,pagina_id,parent_id) VALUES (29	,LOCALTIMESTAMP,LOCALTIMESTAMP,0,'S'	,'mod-green'	,NULL		,'Comissão de Inventário'			,0	,26		,3);
INSERT INTO menu (id,datacriacao,dataedicao,version,ativo,classepagina,cor,nome,ordem,pagina_id,parent_id) VALUES (30	,LOCALTIMESTAMP,LOCALTIMESTAMP,0,'S'	,'mod-green'	,NULL		,'Definir Detentor'					,0	,27		,3);
INSERT INTO menu (id,datacriacao,dataedicao,version,ativo,classepagina,cor,nome,ordem,pagina_id,parent_id) VALUES (31	,LOCALTIMESTAMP,LOCALTIMESTAMP,0,'S'	,'mod-green'	,NULL		,'Baixa de bens'					,0	,28		,3);
INSERT INTO menu (id,datacriacao,dataedicao,version,ativo,classepagina,cor,nome,ordem,pagina_id,parent_id) VALUES (32	,LOCALTIMESTAMP,LOCALTIMESTAMP,0,'S'	,'mod-green'	,NULL		,'Saída Temporária'					,0	,29		,3);
INSERT INTO menu (id,datacriacao,dataedicao,version,ativo,classepagina,cor,nome,ordem,pagina_id,parent_id) VALUES (33	,LOCALTIMESTAMP,LOCALTIMESTAMP,0,'S'	,'mod-green'	,NULL		,'Conta Contábil'					,0	,30		,3);
INSERT INTO menu (id,datacriacao,dataedicao,version,ativo,classepagina,cor,nome,ordem,pagina_id,parent_id) VALUES (34	,LOCALTIMESTAMP,LOCALTIMESTAMP,0,'S'	,'mod-green'	,NULL		,'Fechamento do Mês de Referência'	,0	,31		,3);
INSERT INTO menu (id,datacriacao,dataedicao,version,ativo,classepagina,cor,nome,ordem,pagina_id,parent_id) VALUES (35	,LOCALTIMESTAMP,LOCALTIMESTAMP,0,'S'	,'mod-green'	,NULL		,'Alteração Bem Patrimonial'		,0	,32		,3);
INSERT INTO menu (id,datacriacao,dataedicao,version,ativo,classepagina,cor,nome,ordem,pagina_id,parent_id) VALUES (36	,LOCALTIMESTAMP,LOCALTIMESTAMP,0,'S'	,'mod-green'	,NULL		,'Depreciações'						,0	,33		,3);
INSERT INTO menu (id,datacriacao,dataedicao,version,ativo,classepagina,cor,nome,ordem,pagina_id,parent_id) VALUES (37	,LOCALTIMESTAMP,LOCALTIMESTAMP,0,'S'	,'mod-green'	,NULL		,'Termo de Responsabilidade'		,0	,34		,3);
INSERT INTO menu (id,datacriacao,dataedicao,version,ativo,classepagina,cor,nome,ordem,pagina_id,parent_id) VALUES (38	,LOCALTIMESTAMP,LOCALTIMESTAMP,0,'S'	,'mod-green'	,NULL		,'Movimento de Conta Contábil'		,0	,35		,3);
INSERT INTO menu (id,datacriacao,dataedicao,version,ativo,classepagina,cor,nome,ordem,pagina_id,parent_id) VALUES (39	,LOCALTIMESTAMP,LOCALTIMESTAMP,0,'S'	,'mod-green'	,NULL		,'Regras de acesso'					,0	,36		,2);

INSERT INTO menufile (datacriacao,dataedicao,version,ativo,caminho,dominiomenufile_id,menu_id) VALUES (LOCALTIMESTAMP,LOCALTIMESTAMP,1,'S','assets/js/angular/controller/MenuController.js'											,2,5);
INSERT INTO menufile (datacriacao,dataedicao,version,ativo,caminho,dominiomenufile_id,menu_id) VALUES (LOCALTIMESTAMP,LOCALTIMESTAMP,1,'S','assets/js/angular/repository/MenuRepository.js'											,2,5);
INSERT INTO menufile (datacriacao,dataedicao,version,ativo,caminho,dominiomenufile_id,menu_id) VALUES (LOCALTIMESTAMP,LOCALTIMESTAMP,1,'S','assets/js/angular/controller/UsuarioController.js'										,2,7);
INSERT INTO menufile (datacriacao,dataedicao,version,ativo,caminho,dominiomenufile_id,menu_id) VALUES (LOCALTIMESTAMP,LOCALTIMESTAMP,1,'S','assets/js/angular/controller/UsuarioListController.js'									,2,7);
INSERT INTO menufile (datacriacao,dataedicao,version,ativo,caminho,dominiomenufile_id,menu_id) VALUES (LOCALTIMESTAMP,LOCALTIMESTAMP,1,'S','assets/js/angular/repository/UsuarioRepository.js'										,2,7);
INSERT INTO menufile (datacriacao,dataedicao,version,ativo,caminho,dominiomenufile_id,menu_id) VALUES (LOCALTIMESTAMP,LOCALTIMESTAMP,1,'S','assets/js/angular/repository/FiltroRepository.js'										,2,7);
INSERT INTO menufile (datacriacao,dataedicao,version,ativo,caminho,dominiomenufile_id,menu_id) VALUES (LOCALTIMESTAMP,LOCALTIMESTAMP,1,'S','assets/js/angular/repository/FavoritoRepository.js'										,2,7);
INSERT INTO menufile (datacriacao,dataedicao,version,ativo,caminho,dominiomenufile_id,menu_id) VALUES (LOCALTIMESTAMP,LOCALTIMESTAMP,1,'S','assets/js/angular/repository/PaginaUsuarioRepository.js'								,2,7);
INSERT INTO menufile (datacriacao,dataedicao,version,ativo,caminho,dominiomenufile_id,menu_id) VALUES (LOCALTIMESTAMP,LOCALTIMESTAMP,1,'S','assets/js/angular/controller/DefaultFileController.js'									,2,11);
INSERT INTO menufile (datacriacao,dataedicao,version,ativo,caminho,dominiomenufile_id,menu_id) VALUES (LOCALTIMESTAMP,LOCALTIMESTAMP,1,'S','assets/js/angular/repository/DefaultFileRepository.js'									,2,11);
INSERT INTO menufile (datacriacao,dataedicao,version,ativo,caminho,dominiomenufile_id,menu_id) VALUES (LOCALTIMESTAMP,LOCALTIMESTAMP,1,'S','assets/js/angular/controller/NotificacaoController.js'									,2,8);
INSERT INTO menufile (datacriacao,dataedicao,version,ativo,caminho,dominiomenufile_id,menu_id) VALUES (LOCALTIMESTAMP,LOCALTIMESTAMP,1,'S','assets/js/angular/controller/NotificacaoListController.js'								,2,8);
INSERT INTO menufile (datacriacao,dataedicao,version,ativo,caminho,dominiomenufile_id,menu_id) VALUES (LOCALTIMESTAMP,LOCALTIMESTAMP,1,'S','assets/js/angular/repository/NotificacaoRepository.js'									,2,8);
--INSERT INTO menufile (datacriacao,dataedicao,version,ativo,caminho,dominiomenufile_id,menu_id) VALUES (LOCALTIMESTAMP,LOCALTIMESTAMP,1,'S','/citgrp-patrimonio-web/angular/controller/OrgaoController.js'								,2,12);
--INSERT INTO menufile (datacriacao,dataedicao,version,ativo,caminho,dominiomenufile_id,menu_id) VALUES (LOCALTIMESTAMP,LOCALTIMESTAMP,1,'S','/citgrp-patrimonio-web/angular/controller/OrgaoListController.js'							,2,12);
--INSERT INTO menufile (datacriacao,dataedicao,version,ativo,caminho,dominiomenufile_id,menu_id) VALUES (LOCALTIMESTAMP,LOCALTIMESTAMP,1,'S','/citgrp-patrimonio-web/angular/repository/OrgaoRepository.js'								,2,12);
INSERT INTO menufile (datacriacao,dataedicao,version,ativo,caminho,dominiomenufile_id,menu_id) VALUES (LOCALTIMESTAMP,LOCALTIMESTAMP,1,'S','assets/js/angular/controller/DominioController.js'										,2,13);
INSERT INTO menufile (datacriacao,dataedicao,version,ativo,caminho,dominiomenufile_id,menu_id) VALUES (LOCALTIMESTAMP,LOCALTIMESTAMP,1,'S','assets/js/angular/controller/DominioListController.js'									,2,13);
INSERT INTO menufile (datacriacao,dataedicao,version,ativo,caminho,dominiomenufile_id,menu_id) VALUES (LOCALTIMESTAMP,LOCALTIMESTAMP,1,'S','assets/js/angular/repository/DominioRepository.js'										,2,13);
INSERT INTO menufile (datacriacao,dataedicao,version,ativo,caminho,dominiomenufile_id,menu_id) VALUES (LOCALTIMESTAMP,LOCALTIMESTAMP,1,'S','/citgrp-patrimonio-web/angular/controller/MapaOrganizacionalController.js'				,2,14);
INSERT INTO menufile (datacriacao,dataedicao,version,ativo,caminho,dominiomenufile_id,menu_id) VALUES (LOCALTIMESTAMP,LOCALTIMESTAMP,1,'S','/citgrp-patrimonio-web/angular/controller/MapaOrganizacionalListController.js'			,2,14);
INSERT INTO menufile (datacriacao,dataedicao,version,ativo,caminho,dominiomenufile_id,menu_id) VALUES (LOCALTIMESTAMP,LOCALTIMESTAMP,1,'S','/citgrp-patrimonio-web/angular/repository/MapaOrganizacionalRepository.js'				,2,14);
INSERT INTO menufile (datacriacao,dataedicao,version,ativo,caminho,dominiomenufile_id,menu_id) VALUES (LOCALTIMESTAMP,LOCALTIMESTAMP,1,'S','/citgrp-patrimonio-web/angular/controller/ClassificacaoMaterialController.js'			,2,15);
INSERT INTO menufile (datacriacao,dataedicao,version,ativo,caminho,dominiomenufile_id,menu_id) VALUES (LOCALTIMESTAMP,LOCALTIMESTAMP,1,'S','/citgrp-patrimonio-web/angular/repository/ClassificacaoMaterialRepository.js'			,2,15);
INSERT INTO menufile (datacriacao,dataedicao,version,ativo,caminho,dominiomenufile_id,menu_id) VALUES (LOCALTIMESTAMP,LOCALTIMESTAMP,1,'S','/citgrp-patrimonio-web/angular/controller/EntradaController.js'							,2,16);
INSERT INTO menufile (datacriacao,dataedicao,version,ativo,caminho,dominiomenufile_id,menu_id) VALUES (LOCALTIMESTAMP,LOCALTIMESTAMP,1,'S','/citgrp-patrimonio-web/angular/controller/EntradaListController.js'						,2,16);
INSERT INTO menufile (datacriacao,dataedicao,version,ativo,caminho,dominiomenufile_id,menu_id) VALUES (LOCALTIMESTAMP,LOCALTIMESTAMP,1,'S','/citgrp-patrimonio-web/angular/repository/EntradaRepository.js'							,2,16);
INSERT INTO menufile (datacriacao,dataedicao,version,ativo,caminho,dominiomenufile_id,menu_id) VALUES (LOCALTIMESTAMP,LOCALTIMESTAMP,1,'S','/citgrp-patrimonio-web/angular/controller/MaterialController.js'						,2,17);
INSERT INTO menufile (datacriacao,dataedicao,version,ativo,caminho,dominiomenufile_id,menu_id) VALUES (LOCALTIMESTAMP,LOCALTIMESTAMP,1,'S','/citgrp-patrimonio-web/angular/controller/MaterialListController.js'					,2,17);
INSERT INTO menufile (datacriacao,dataedicao,version,ativo,caminho,dominiomenufile_id,menu_id) VALUES (LOCALTIMESTAMP,LOCALTIMESTAMP,1,'S','/citgrp-patrimonio-web/angular/repository/MaterialRepository.js'						,2,17);
INSERT INTO menufile (datacriacao,dataedicao,version,ativo,caminho,dominiomenufile_id,menu_id) VALUES (LOCALTIMESTAMP,LOCALTIMESTAMP,1,'S','/citgrp-patrimonio-web/angular/repository/MaterialConsumoRepository.js'					,2,17);
INSERT INTO menufile (datacriacao,dataedicao,version,ativo,caminho,dominiomenufile_id,menu_id) VALUES (LOCALTIMESTAMP,LOCALTIMESTAMP,1,'S','/citgrp-patrimonio-web/angular/repository/MaterialImagemRepository.js'					,2,17);
INSERT INTO menufile (datacriacao,dataedicao,version,ativo,caminho,dominiomenufile_id,menu_id) VALUES (LOCALTIMESTAMP,LOCALTIMESTAMP,1,'S','/citgrp-patrimonio-web/angular/repository/ContaContabilRepository.js'					,2,15);
INSERT INTO menufile (datacriacao,dataedicao,version,ativo,caminho,dominiomenufile_id,menu_id) VALUES (LOCALTIMESTAMP,LOCALTIMESTAMP,1,'S','/citgrp-patrimonio-web/angular/controller/CaracteristicaController.js'					,2,18);
INSERT INTO menufile (datacriacao,dataedicao,version,ativo,caminho,dominiomenufile_id,menu_id) VALUES (LOCALTIMESTAMP,LOCALTIMESTAMP,1,'S','/citgrp-patrimonio-web/angular/controller/CaracteristicaListController.js'				,2,18);
INSERT INTO menufile (datacriacao,dataedicao,version,ativo,caminho,dominiomenufile_id,menu_id) VALUES (LOCALTIMESTAMP,LOCALTIMESTAMP,1,'S','/citgrp-patrimonio-web/angular/repository/CaracteristicaRepository.js'					,2,18);
INSERT INTO menufile (datacriacao,dataedicao,version,ativo,caminho,dominiomenufile_id,menu_id) VALUES (LOCALTIMESTAMP,LOCALTIMESTAMP,1,'S','/citgrp-patrimonio-web/angular/controller/TransferenciaController.js'					,2,19);
INSERT INTO menufile (datacriacao,dataedicao,version,ativo,caminho,dominiomenufile_id,menu_id) VALUES (LOCALTIMESTAMP,LOCALTIMESTAMP,1,'S','/citgrp-patrimonio-web/angular/repository/TransferenciaRepository.js'					,2,19);
--INSERT INTO menufile (datacriacao,dataedicao,version,ativo,caminho,dominiomenufile_id,menu_id) VALUES (LOCALTIMESTAMP,LOCALTIMESTAMP,1,'S','assets/js/angular/controller/MapaController.js'											,2,20);
INSERT INTO menufile (datacriacao,dataedicao,version,ativo,caminho,dominiomenufile_id,menu_id) VALUES (LOCALTIMESTAMP,LOCALTIMESTAMP,1,'S','/citgrp-patrimonio-web/angular/controller/EstruturaOrganizacionalController.js'			,2,21);
INSERT INTO menufile (datacriacao,dataedicao,version,ativo,caminho,dominiomenufile_id,menu_id) VALUES (LOCALTIMESTAMP,LOCALTIMESTAMP,1,'S','/citgrp-patrimonio-web/angular/repository/EstruturaOrganizacionalRepository.js'			,2,21);
INSERT INTO menufile (datacriacao,dataedicao,version,ativo,caminho,dominiomenufile_id,menu_id) VALUES (LOCALTIMESTAMP,LOCALTIMESTAMP,1,'S','/citgrp-patrimonio-web/angular/repository/EstruturaOrganizacionalResponsavelRepository.js',2,21);
INSERT INTO menufile (datacriacao,dataedicao,version,ativo,caminho,dominiomenufile_id,menu_id) VALUES (LOCALTIMESTAMP,LOCALTIMESTAMP,1,'S','/citgrp-patrimonio-web/angular/controller/PessoaListController.js'						,2,22);
INSERT INTO menufile (datacriacao,dataedicao,version,ativo,caminho,dominiomenufile_id,menu_id) VALUES (LOCALTIMESTAMP,LOCALTIMESTAMP,1,'S','/citgrp-patrimonio-web/angular/controller/PessoaController.js'							,2,22);
INSERT INTO menufile (datacriacao,dataedicao,version,ativo,caminho,dominiomenufile_id,menu_id) VALUES (LOCALTIMESTAMP,LOCALTIMESTAMP,1,'S','/citgrp-patrimonio-web/angular/repository/PessoaRepository.js'							,2,22);
INSERT INTO menufile (datacriacao,dataedicao,version,ativo,caminho,dominiomenufile_id,menu_id) VALUES (LOCALTIMESTAMP,LOCALTIMESTAMP,1,'S','/citgrp-patrimonio-web/angular/repository/FornecedorRepository.js'						,2,21);
INSERT INTO menufile (datacriacao,dataedicao,version,ativo,caminho,dominiomenufile_id,menu_id) VALUES (LOCALTIMESTAMP,LOCALTIMESTAMP,1,'S','/citgrp-patrimonio-web/angular/repository/BemPatrimonialRepository.js'					,2,21);
INSERT INTO menufile (datacriacao,dataedicao,version,ativo,caminho,dominiomenufile_id,menu_id) VALUES (LOCALTIMESTAMP,LOCALTIMESTAMP,1,'S','/citgrp-patrimonio-web/angular/controller/LocalizacaoController.js'						,2,23);
INSERT INTO menufile (datacriacao,dataedicao,version,ativo,caminho,dominiomenufile_id,menu_id) VALUES (LOCALTIMESTAMP,LOCALTIMESTAMP,1,'S','/citgrp-patrimonio-web/angular/controller/LocalizacaoListController.js'					,2,23);
INSERT INTO menufile (datacriacao,dataedicao,version,ativo,caminho,dominiomenufile_id,menu_id) VALUES (LOCALTIMESTAMP,LOCALTIMESTAMP,1,'S','/citgrp-patrimonio-web/angular/repository/LocalizacaoRepository.js'						,2,23);
INSERT INTO menufile (datacriacao,dataedicao,version,ativo,caminho,dominiomenufile_id,menu_id) VALUES (LOCALTIMESTAMP,LOCALTIMESTAMP,1,'S','/citgrp-patrimonio-web/angular/repository/MaterialCaracteristicaRepository.js'			,2,15);
INSERT INTO menufile (datacriacao,dataedicao,version,ativo,caminho,dominiomenufile_id,menu_id) VALUES (LOCALTIMESTAMP,LOCALTIMESTAMP,1,'S','/citgrp-patrimonio-web/angular/controller/AdicaoBemPrincipalController.js'				,2,24);
INSERT INTO menufile (datacriacao,dataedicao,version,ativo,caminho,dominiomenufile_id,menu_id) VALUES (LOCALTIMESTAMP,LOCALTIMESTAMP,1,'S','/citgrp-patrimonio-web/angular/repository/AdicaoBemPrincipalRepository.js'				,2,24);
INSERT INTO menufile (datacriacao,dataedicao,version,ativo,caminho,dominiomenufile_id,menu_id) VALUES (LOCALTIMESTAMP,LOCALTIMESTAMP,1,'S','/citgrp-patrimonio-web/angular/repository/AdicaoBemPrincipalItemRepository.js'			,2,24);
INSERT INTO menufile (datacriacao,dataedicao,version,ativo,caminho,dominiomenufile_id,menu_id) VALUES (LOCALTIMESTAMP,LOCALTIMESTAMP,1,'S','/citgrp-patrimonio-web/angular/controller/PaisController.js'							,2,9);
INSERT INTO menufile (datacriacao,dataedicao,version,ativo,caminho,dominiomenufile_id,menu_id) VALUES (LOCALTIMESTAMP,LOCALTIMESTAMP,1,'S','/citgrp-patrimonio-web/angular/controller/PaisListController.js'						,2,9);
INSERT INTO menufile (datacriacao,dataedicao,version,ativo,caminho,dominiomenufile_id,menu_id) VALUES (LOCALTIMESTAMP,LOCALTIMESTAMP,1,'S','/citgrp-patrimonio-web/angular/repository/PaisRepository.js'							,2,9);
INSERT INTO menufile (datacriacao,dataedicao,version,ativo,caminho,dominiomenufile_id,menu_id) VALUES (LOCALTIMESTAMP,LOCALTIMESTAMP,1,'S','/citgrp-patrimonio-web/angular/controller/EstadoController.js'							,2,10);
INSERT INTO menufile (datacriacao,dataedicao,version,ativo,caminho,dominiomenufile_id,menu_id) VALUES (LOCALTIMESTAMP,LOCALTIMESTAMP,1,'S','/citgrp-patrimonio-web/angular/controller/EstadoListController.js'						,2,10);
INSERT INTO menufile (datacriacao,dataedicao,version,ativo,caminho,dominiomenufile_id,menu_id) VALUES (LOCALTIMESTAMP,LOCALTIMESTAMP,1,'S','/citgrp-patrimonio-web/angular/repository/EstadoRepository.js'							,2,10);
INSERT INTO menufile (datacriacao,dataedicao,version,ativo,caminho,dominiomenufile_id,menu_id) VALUES (LOCALTIMESTAMP,LOCALTIMESTAMP,1,'S','/citgrp-patrimonio-web/angular/controller/RegiaoController.js'							,2,25);
INSERT INTO menufile (datacriacao,dataedicao,version,ativo,caminho,dominiomenufile_id,menu_id) VALUES (LOCALTIMESTAMP,LOCALTIMESTAMP,1,'S','/citgrp-patrimonio-web/angular/controller/RegiaoListController.js'						,2,25);
INSERT INTO menufile (datacriacao,dataedicao,version,ativo,caminho,dominiomenufile_id,menu_id) VALUES (LOCALTIMESTAMP,LOCALTIMESTAMP,1,'S','/citgrp-patrimonio-web/angular/repository/RegiaoRepository.js'							,2,25);
INSERT INTO menufile (datacriacao,dataedicao,version,ativo,caminho,dominiomenufile_id,menu_id) VALUES (LOCALTIMESTAMP,LOCALTIMESTAMP,1,'S','/citgrp-patrimonio-web/angular/controller/CidadeController.js'							,2,26);
INSERT INTO menufile (datacriacao,dataedicao,version,ativo,caminho,dominiomenufile_id,menu_id) VALUES (LOCALTIMESTAMP,LOCALTIMESTAMP,1,'S','/citgrp-patrimonio-web/angular/controller/CidadeListController.js'						,2,26);
INSERT INTO menufile (datacriacao,dataedicao,version,ativo,caminho,dominiomenufile_id,menu_id) VALUES (LOCALTIMESTAMP,LOCALTIMESTAMP,1,'S','/citgrp-patrimonio-web/angular/repository/CidadeRepository.js'							,2,26);
INSERT INTO menufile (datacriacao,dataedicao,version,ativo,caminho,dominiomenufile_id,menu_id) VALUES (LOCALTIMESTAMP,LOCALTIMESTAMP,1,'S','/citgrp-patrimonio-web/angular/controller/BairroController.js'							,2,27);
INSERT INTO menufile (datacriacao,dataedicao,version,ativo,caminho,dominiomenufile_id,menu_id) VALUES (LOCALTIMESTAMP,LOCALTIMESTAMP,1,'S','/citgrp-patrimonio-web/angular/controller/BairroListController.js'						,2,27);
INSERT INTO menufile (datacriacao,dataedicao,version,ativo,caminho,dominiomenufile_id,menu_id) VALUES (LOCALTIMESTAMP,LOCALTIMESTAMP,1,'S','/citgrp-patrimonio-web/angular/repository/BairroRepository.js'							,2,27);
INSERT INTO menufile (datacriacao,dataedicao,version,ativo,caminho,dominiomenufile_id,menu_id) VALUES (LOCALTIMESTAMP,LOCALTIMESTAMP,1,'S','/citgrp-patrimonio-web/angular/controller/EnderecoController.js'						,2,28);
INSERT INTO menufile (datacriacao,dataedicao,version,ativo,caminho,dominiomenufile_id,menu_id) VALUES (LOCALTIMESTAMP,LOCALTIMESTAMP,1,'S','/citgrp-patrimonio-web/angular/controller/EnderecoListController.js'					,2,28);
INSERT INTO menufile (datacriacao,dataedicao,version,ativo,caminho,dominiomenufile_id,menu_id) VALUES (LOCALTIMESTAMP,LOCALTIMESTAMP,1,'S','assets/js/angular/repository/EnderecoRepository.js'										,2,28);
--INSERT INTO menufile (datacriacao,dataedicao,version,ativo,caminho,dominiomenufile_id,menu_id) VALUES (LOCALTIMESTAMP,LOCALTIMESTAMP,1,'S','/citgrp-patrimonio-web/angular/controller/InventarioComissaoController.js'				,2,29);
--INSERT INTO menufile (datacriacao,dataedicao,version,ativo,caminho,dominiomenufile_id,menu_id) VALUES (LOCALTIMESTAMP,LOCALTIMESTAMP,1,'S','/citgrp-patrimonio-web/angular/controller/InventarioComissaoListController.js'			,2,29);
--INSERT INTO menufile (datacriacao,dataedicao,version,ativo,caminho,dominiomenufile_id,menu_id) VALUES (LOCALTIMESTAMP,LOCALTIMESTAMP,1,'S','/citgrp-patrimonio-web/angular/repository/InventarioComissaoRepository.js'				,2,29);
INSERT INTO menufile (datacriacao,dataedicao,version,ativo,caminho,dominiomenufile_id,menu_id) VALUES (LOCALTIMESTAMP,LOCALTIMESTAMP,1,'S','/citgrp-patrimonio-web/angular/controller/DefinicaoDetentorController.js'				,2,30);
INSERT INTO menufile (datacriacao,dataedicao,version,ativo,caminho,dominiomenufile_id,menu_id) VALUES (LOCALTIMESTAMP,LOCALTIMESTAMP,1,'S','/citgrp-patrimonio-web/angular/repository/DefinicaoDetentorRepository.js'				,2,30);
INSERT INTO menufile (datacriacao,dataedicao,version,ativo,caminho,dominiomenufile_id,menu_id) VALUES (LOCALTIMESTAMP,LOCALTIMESTAMP,1,'S','/citgrp-patrimonio-web/angular/repository/DefinicaoDetentorItemRepository.js'			,2,30);
INSERT INTO menufile (datacriacao,dataedicao,version,ativo,caminho,dominiomenufile_id,menu_id) VALUES (LOCALTIMESTAMP,LOCALTIMESTAMP,1,'S','/citgrp-patrimonio-web/angular/repository/BaixaRepository.js'							,2,31);
INSERT INTO menufile (datacriacao,dataedicao,version,ativo,caminho,dominiomenufile_id,menu_id) VALUES (LOCALTIMESTAMP,LOCALTIMESTAMP,1,'S','/citgrp-patrimonio-web/angular/repository/BaixaItemRepository.js'						,2,31);
INSERT INTO menufile (datacriacao,dataedicao,version,ativo,caminho,dominiomenufile_id,menu_id) VALUES (LOCALTIMESTAMP,LOCALTIMESTAMP,1,'S','/citgrp-patrimonio-web/angular/controller/BaixaController.js'							,2,31);
INSERT INTO menufile (datacriacao,dataedicao,version,ativo,caminho,dominiomenufile_id,menu_id) VALUES (LOCALTIMESTAMP,LOCALTIMESTAMP,1,'S','/citgrp-patrimonio-web/angular/controller/BaixaListController.js'						,2,31);
INSERT INTO menufile (datacriacao,dataedicao,version,ativo,caminho,dominiomenufile_id,menu_id) VALUES (LOCALTIMESTAMP,LOCALTIMESTAMP,1,'S','/citgrp-patrimonio-web/angular/controller/TransferenciaController.js'					,2,19);
INSERT INTO menufile (datacriacao,dataedicao,version,ativo,caminho,dominiomenufile_id,menu_id) VALUES (LOCALTIMESTAMP,LOCALTIMESTAMP,1,'S','/citgrp-patrimonio-web/angular/repository/TransferenciaRepository.js'					,2,19);
INSERT INTO menufile (datacriacao,dataedicao,version,ativo,caminho,dominiomenufile_id,menu_id) VALUES (LOCALTIMESTAMP,LOCALTIMESTAMP,1,'S','/citgrp-patrimonio-web/angular/controller/SaidaTemporariaController.js'					,2,32);
INSERT INTO menufile (datacriacao,dataedicao,version,ativo,caminho,dominiomenufile_id,menu_id) VALUES (LOCALTIMESTAMP,LOCALTIMESTAMP,1,'S','/citgrp-patrimonio-web/angular/controller/SaidaTemporariaItemController.js'				,2,32);
INSERT INTO menufile (datacriacao,dataedicao,version,ativo,caminho,dominiomenufile_id,menu_id) VALUES (LOCALTIMESTAMP,LOCALTIMESTAMP,1,'S','/citgrp-patrimonio-web/angular/controller/SaidaTemporariaItemListController.js'			,2,32);
INSERT INTO menufile (datacriacao,dataedicao,version,ativo,caminho,dominiomenufile_id,menu_id) VALUES (LOCALTIMESTAMP,LOCALTIMESTAMP,1,'S','/citgrp-patrimonio-web/angular/repository/SaidaTemporariaRepository.js'					,2,32);
INSERT INTO menufile (datacriacao,dataedicao,version,ativo,caminho,dominiomenufile_id,menu_id) VALUES (LOCALTIMESTAMP,LOCALTIMESTAMP,1,'S','/citgrp-patrimonio-web/angular/repository/SaidaTemporariaItemRepository.js'				,2,32);
INSERT INTO menufile (datacriacao,dataedicao,version,ativo,caminho,dominiomenufile_id,menu_id) VALUES (LOCALTIMESTAMP,LOCALTIMESTAMP,1,'S','/citgrp-patrimonio-web/angular/repository/ContaContabilRepository.js'					,2,33);
INSERT INTO menufile (datacriacao,dataedicao,version,ativo,caminho,dominiomenufile_id,menu_id) VALUES (LOCALTIMESTAMP,LOCALTIMESTAMP,1,'S','/citgrp-patrimonio-web/angular/controller/ContaContabilController.js'					,2,33);
INSERT INTO menufile (datacriacao,dataedicao,version,ativo,caminho,dominiomenufile_id,menu_id) VALUES (LOCALTIMESTAMP,LOCALTIMESTAMP,1,'S','/citgrp-patrimonio-web/angular/controller/ContaContabilListController.js'				,2,33);
INSERT INTO menufile (datacriacao,dataedicao,version,ativo,caminho,dominiomenufile_id,menu_id) VALUES (LOCALTIMESTAMP,LOCALTIMESTAMP,1,'S','/citgrp-patrimonio-web/angular/controller/MesReferenciaController.js'					,2,34);
INSERT INTO menufile (datacriacao,dataedicao,version,ativo,caminho,dominiomenufile_id,menu_id) VALUES (LOCALTIMESTAMP,LOCALTIMESTAMP,1,'S','/citgrp-patrimonio-web/angular/controller/AlteracaoBemPatrimonialController.js'			,2,35);
INSERT INTO menufile (datacriacao,dataedicao,version,ativo,caminho,dominiomenufile_id,menu_id) VALUES (LOCALTIMESTAMP,LOCALTIMESTAMP,1,'S','/citgrp-patrimonio-web/angular/repository/DepreciacaoRepository.js'						,2,36);
INSERT INTO menufile (datacriacao,dataedicao,version,ativo,caminho,dominiomenufile_id,menu_id) VALUES (LOCALTIMESTAMP,LOCALTIMESTAMP,1,'S','/citgrp-patrimonio-web/angular/controller/DepreciacaoController.js'						,2,36);
INSERT INTO menufile (datacriacao,dataedicao,version,ativo,caminho,dominiomenufile_id,menu_id) VALUES (LOCALTIMESTAMP,LOCALTIMESTAMP,1,'S','/citgrp-patrimonio-web/angular/controller/DepreciacaoListController.js'					,2,36);
INSERT INTO menufile (datacriacao,dataedicao,version,ativo,caminho,dominiomenufile_id,menu_id) VALUES (LOCALTIMESTAMP,LOCALTIMESTAMP,1,'S','/citgrp-patrimonio-web/angular/repository/TermoResponsabilidadeRepository.js'			,2,37);
INSERT INTO menufile (datacriacao,dataedicao,version,ativo,caminho,dominiomenufile_id,menu_id) VALUES (LOCALTIMESTAMP,LOCALTIMESTAMP,1,'S','/citgrp-patrimonio-web/angular/controller/TermoResponsabilidadeController.js'			,2,37);
INSERT INTO menufile (datacriacao,dataedicao,version,ativo,caminho,dominiomenufile_id,menu_id) VALUES (LOCALTIMESTAMP,LOCALTIMESTAMP,1,'S','/citgrp-patrimonio-web/angular/controller/TermoResponsabilidadeListController.js'		,2,37);
INSERT INTO menufile (datacriacao,dataedicao,version,ativo,caminho,dominiomenufile_id,menu_id) VALUES (LOCALTIMESTAMP,LOCALTIMESTAMP,1,'S','/citgrp-patrimonio-web/angular/repository/ContaContabilMovimentoRepository.js'			,2,38);
INSERT INTO menufile (datacriacao,dataedicao,version,ativo,caminho,dominiomenufile_id,menu_id) VALUES (LOCALTIMESTAMP,LOCALTIMESTAMP,1,'S','/citgrp-patrimonio-web/angular/controller/ContaContabilMovimentoController.js'			,2,38);
INSERT INTO menufile (datacriacao,dataedicao,version,ativo,caminho,dominiomenufile_id,menu_id) VALUES (LOCALTIMESTAMP,LOCALTIMESTAMP,1,'S','/citgrp-patrimonio-web/angular/controller/ContaContabilMovimentoListController.js'		,2,38);
INSERT INTO menufile (datacriacao,dataedicao,version,ativo,caminho,dominiomenufile_id,menu_id) VALUES (LOCALTIMESTAMP,LOCALTIMESTAMP,1,'S','assets/js/angular/repository/AccessRoleRepository.js'									,2,38);
INSERT INTO menufile (datacriacao,dataedicao,version,ativo,caminho,dominiomenufile_id,menu_id) VALUES (LOCALTIMESTAMP,LOCALTIMESTAMP,1,'S','assets/js/angular/controller/AccessRoleController.js'									,2,38);
INSERT INTO menufile (datacriacao,dataedicao,version,ativo,caminho,dominiomenufile_id,menu_id) VALUES (LOCALTIMESTAMP,LOCALTIMESTAMP,1,'S','assets/js/angular/controller/AccessRoleListController.js'								,2,38);